id,sort_id,warehouse_id,external_key,taxon,descriptionKey,image,image_copyright,AD,AL,AT,BA,BE,BG,BY,CH,CY,CZ,DE,DK,EE,ES,ES_CA,FI,FR,GB,GR,HR,HU,IE,IS,IT,LI,LT,LU,LU,LV,MD,ME,MK,MT,NL,NO,PL,PT_AZ,PT_MA,RO,RS,RU,SE,SI,SK,TR,UA
1,1,432127,eBMS147,Papilio hospiton,Papilio-hospiton-description,,,A,A,A,A,A,A,A,A,A,A,A,A,A,A,A,A,P,A,A,A,A,A,A,P,A,A,A,A,A,A,A,A,A,A,A,A,A,A,A,A,A,A,A,A,A,A
2,2,432128,eBMS148,Parnassius mnemosyne,Parnassius-mnemosyne-description,36,Kars Veling,P,P,P,P,A,P,P,P,A,P,P,Ex,P,P,A,P,P,A,P,P,P,A,A,P,A,P,A,P,P,P,P,A,A,P,P,A,A,A,P,P,P,P,P,P,P,P
3,3,432129,eBMS149,Parnassius phoebus,Parnassius-phoebus-description,,,A,A,P,A,A,A,A,P,A,A,P,A,A,A,A,A,P,A,A,A,A,A,A,P,P,A,A,A,A,A,A,A,A,A,A,A,A,A,A,A,P,A,A,A,A,A
4,4,432130,eBMS150,Parnassius apollo,Parnassius-apollo-description,37,Albert Vliegenthart,P,P,P,P,A,P,A,P,A,P,P,I,A,P,A,P,P,A,P,P,A,A,A,P,P,A,A,A,A,P,P,A,I,P,P,A,A,A,Ex,P,P,P,P,P,A,Ex
5,5,432131,eBMS151,Archon apollinus,Archon-apollinus-description,,,A,A,A,A,A,A,A,A,A,A,A,A,A,A,A,A,A,A,P,A,A,A,A,A,A,A,A,A,A,A,A,A,A,A,A,A,A,A,A,A,A,A,A,A,P,A
6,6,432132,eBMS152,Zerynthia cerisy,Zerynthia-cerisy-description,35,Albert Vliegenthart,A,P,A,P,A,P,A,A,P,A,A,A,A,A,A,A,A,A,P,P,A,A,A,A,A,A,A,A,A,A,P,A,A,A,A,A,A,A,P,P,A,A,A,A,P,A
7,7,432165,eBMS185,Carcharodus stauderi,Carcharodus-stauderi-description,,,A,A,A,A,A,A,A,A,A,A,A,A,A,A,A,A,A,A,P,A,A,A,A,A,A,A,A,A,A,A,A,A,A,A,A,A,A,A,A,A,A,A,A,A,A,A
8,8,432166,eBMS186,Carcharodus baeticus,Carcharodus-baeticus-description,7,Albert Vliegenthart,A,A,A,A,A,A,A,Ex,A,A,A,A,A,P,A,A,P,A,A,A,A,A,A,P,A,A,A,A,A,A,A,A,A,A,A,P,A,A,A,A,A,A,A,A,A,A
9,9,432167,eBMS187,Erynnis tages,Erynnis-tages-description,1,Albert Vliegenthart,P,P,P,P,P,P,P,P,A,P,P,P,P,P,A,A,P,P,P,P,P,P,A,P,P,P,P,P,P,P,P,A,P,P,P,P,A,A,P,P,P,P,P,P,P,P
10,10,432168,eBMS188,Erynnis marloyi,Erynnis-marloyi-description,2,Albert Vliegenthart,A,P,A,A,A,P,A,A,A,A,A,A,A,A,A,A,A,A,P,A,A,A,A,A,A,A,A,A,A,A,P,A,A,A,A,A,A,A,A,A,A,A,A,A,P,A
11,11,432133,eBMS153,Zerynthia cretica,Zerynthia-cretica-description,,,A,A,A,A,A,A,A,A,A,A,A,A,A,A,A,A,A,A,P,A,A,A,A,A,A,A,A,A,A,A,A,A,A,A,A,A,A,A,A,A,A,A,A,A,A,A
12,12,432134,eBMS154,Zerynthia caucasica,Zerynthia-caucasica-description,,,A,A,A,A,A,A,A,A,A,A,A,A,A,A,A,A,A,A,A,A,A,A,A,A,A,A,A,A,A,A,A,A,A,A,A,A,A,A,A,A,P,A,A,A,A,A
13,13,432135,eBMS155,Zerynthia rumina,Zerynthia-rumina-description,33,Kars Veling,P,A,A,A,A,A,A,A,A,A,A,A,A,P,A,A,P,A,A,A,A,A,A,A,A,A,A,A,A,A,A,A,A,A,A,P,A,A,A,A,A,A,A,A,A,A
14,14,432136,eBMS156,Zerynthia polyxena,Zerynthia-polyxena-description,34,Albert Vliegenthart,A,P,P,P,A,P,P,Ex,A,P,I,A,A,A,A,A,P,A,P,P,P,A,A,P,A,A,A,A,P,P,P,A,A,A,I,A,A,A,P,P,P,A,P,P,P,P
15,15,432137,eBMS157,Zerynthia cassandra,Zerynthia-cassandra-description,,,A,A,A,A,A,A,A,A,A,A,A,A,A,A,A,A,A,A,A,A,A,A,A,P,A,A,A,A,A,A,A,A,A,A,A,A,A,A,A,A,A,A,A,A,A,A
16,16,432704,eBMS158,Heteropterus morpheus,Heteropterus-morpheus-description,26,Albert Vliegenthart,A,P?,P,P,Ex,P,P,P,A,P,P,P,P,P,A,I,P,A,A,P,P,A,A,P,A,P,A,P,P,P,A,A,P,A,P,A,A,A,P,P,P,I,P,P,P,P
17,17,432139,eBMS159,Carterocephalus silvicola,Carterocephalus-silvicola-description,,,A,A,A,A,A,A,P,A,A,Ex,P,P,P,A,A,P,A,A,A,A,A,A,A,A,A,P,A,P,A,A,A,A,A,P,P,A,A,A,A,A,P,P,A,Ex,A,P
18,18,432140,eBMS160,Carterocephalus palaemon,Carterocephalus-palaemon-description,27,Kars Veling,P,P,P,P,P,P,P,P,A,P,P,A,P,P,A,P,P,P,P,P,P,A,A,P,P,P,P,P,P,P,P,A,P,P,P,A,A,A,P,P,P,P,P,P,A,P
19,19,432141,eBMS161,Pelopidas thrax,Pelopidas-thrax-description,,,A,A,A,A,A,A,A,A,P,A,A,A,A,A,A,A,A,A,P,A,A,A,A,A,A,A,A,A,A,A,A,A,A,A,A,A,A,A,A,A,A,A,A,A,A,A
20,20,432142,eBMS162,Borbo borbonica,Borbo-borbonica-description,,,A,A,A,A,A,A,A,A,A,A,A,A,A,P,A,A,A,A,A,A,A,A,A,A,A,A,A,A,A,A,A,A,A,A,A,A,A,A,A,A,A,A,A,A,A,A
21,21,432705,eBMS163,Gegenes pumilio,Gegenes-pumilio-description,32,Albert Vliegenthart,A,P,A,P,A,P?,A,A,P,A,A,A,A,P,A,A,P,A,P,P,A,A,A,P,A,A,A,A,A,P,A,P,A,A,A,A,A,A,A,A,A,A,A,A,A,A
22,22,432144,eBMS164,Gegenes nostrodamus,Gegenes-nostrodamus-description,,,A,P,A,A,A,P,A,A,A,A,A,A,A,P,A,A,A,A,P,P,A,A,A,P,A,A,A,A,A,P,P,A,A,A,A,P,A,A,A,A,A,A,A,A,P,A
23,23,432145,eBMS165,Ochlodes sylvanus,Ochlodes-sylvanus-description,,,P,P,P,P,P,P,P,P,A,P,P,P,P,P,A,P,P,P,P,P,P,A,A,P,P,P,P,P,P,P,P,A,P,P,P,P,A,A,P,P,P,P,P,P,P,P
24,24,432146,eBMS166,Hesperia comma,Hesperia-comma-description,31,Chris Van Swaay,P,P,P,P,P,P,P,P,A,P,P,P,P,P,A,P,P,P,P,P,P,A,A,P,P,P,P,P,P,P,P,A,P,P,P,P,A,A,P,P,P,P,P,P,A,P
25,25,432147,eBMS167,Thymelicus christi,Thymelicus-christi-description,,,A,A,A,A,A,A,A,A,A,A,A,A,A,A,P,A,A,A,A,A,A,A,A,A,A,A,A,A,A,A,A,A,A,A,A,A,A,A,A,A,A,A,A,A,A,A
26,26,432148,eBMS168,Thymelicus acteon,Thymelicus-acteon-description,30,Albert Vliegenthart,P,P,P,P,P,P,P,P,P,P,P,A,A,P,A,A,P,P,P,P,P,A,A,P,A,A,P,A,A,P,P,A,Ex,A,P,P,A,A,P,P,P,A,P,P,P,P
27,27,432149,eBMS169,Thymelicus hyrax,Thymelicus-hyrax-description,,,A,A,A,A,A,A,A,A,A,A,A,A,A,A,A,A,A,A,P,A,A,A,A,A,A,A,A,A,A,A,A,A,A,A,A,A,A,A,A,A,P,A,A,A,A,A
28,28,432150,eBMS170,Thymelicus sylvestris,Thymelicus-sylvestris-description,29,Chris Van Swaay,P,P,P,P,P,P,P,P,A,P,P,P,P,P,A,A,P,P,P,P,P,P,A,P,P,P,P,P,P,P,P,A,P,A,P,P,A,A,P,P,P,A,P,P,P,P
29,29,432151,eBMS171,Thymelicus lineola,Thymelicus-lineola-description,28,Chris Van Swaay,P,P,P,P,P,P,P,P,A,P,P,P,P,P,A,P,P,P,P,P,P,P,A,P,P,P,P,P,P,P,P,A,P,P,P,P,A,A,P,P,P,P,P,P,P,P
30,30,432152,eBMS172,Spialia phlomidis,Spialia-phlomidis-description,8,Rudi Verovnik,A,P,A,A,A,P,A,A,A,A,A,A,A,A,A,A,A,A,P,A,A,A,A,A,A,A,A,A,A,A,P,A,A,A,A,A,A,A,A,P,A,A,A,A,P,A
31,31,432153,eBMS173,Spialia sertorius,Spialia-sertorius-description,9,Chris Van Swaay,P,A,P,P,P,A,A,P,A,P,P,A,A,P,A,A,P,A,A,P,P,A,A,P,P,A,P,A,A,A,A,A,Ex,A,P,P,A,A,A,A,A,A,P,P,A,A
32,32,432154,eBMS174,Spialia therapne,Spialia-therapne-description,,,A,A,A,A,A,A,A,A,A,A,A,A,A,A,A,A,P,A,A,A,A,A,A,P,A,A,A,A,A,A,A,A,A,A,A,A,A,A,A,A,A,A,A,A,A,A
33,33,432155,eBMS175,Spialia rosae,Spialia-rosae-description,,,A,A,A,A,A,A,A,A,A,A,A,A,A,P,A,A,A,A,A,A,A,A,A,A,A,A,A,A,A,A,A,A,A,A,A,A,A,A,A,A,A,A,A,A,A,A
34,34,432156,eBMS176,Spialia orbifer,Spialia-orbifer-description,10,Chris Van Swaay,A,P,Ex,P,A,P,A,A,A,A,A,A,A,A,A,A,A,A,P,P,P,A,A,P,A,A,A,A,P,P,P,A,A,A,A,A,A,A,P,P,P,A,A,P,P,P
35,35,432157,eBMS177,Carcharodus tripolinus,Carcharodus-tripolinus-description,,,A,A,A,A,A,A,A,A,A,A,A,A,A,P,A,A,A,A,A,A,A,A,A,A,A,A,A,A,A,A,A,A,A,A,A,P,A,A,A,A,A,A,A,A,A,A
36,36,432158,eBMS178,Carcharodus alceae,Carcharodus-alceae-description,3,Chris Van Swaay,P,P,P,P,P,P,P,P,P,P,P,A,A,P,A,A,P,A,P,P,P,A,A,P,P,P,P,A,P,P,P,A,P,A,P,P,A,A,P,P,P,A,P,P,P,P
37,37,432159,eBMS179,Muschampia cribrellum,Muschampia-cribrellum-description,,,A,A,A,A,A,P,A,A,A,A,A,A,A,A,A,A,A,A,P,A,A,A,A,A,A,A,A,A,A,A,P,A,A,A,A,A,A,A,P,P,P,A,A,A,A,P
38,38,432706,eBMS180,Muschampia tessellum,Muschampia-tessellum-description,12,Albert Vliegenthart,A,P?,A,A,A,P,A,A,A,A,A,A,A,A,A,A,A,A,P,A,A,A,A,A,A,A,A,A,A,A,P,A,A,A,A,A,A,A,P,A,P,A,A,A,A,P
39,39,432161,eBMS181,Muschampia proto,Muschampia-proto-description,11,Albert Vliegenthart,A,P,A,A,A,A,A,A,A,A,A,A,A,P,A,A,P,A,P,P,A,A,A,P,A,A,A,A,A,P,P,A,A,A,A,P,A,A,A,A,P,A,A,A,A,P
40,40,432162,eBMS182,Carcharodus lavatherae,Carcharodus-lavatherae-description,4,Kars Veling,P,P,P,P,A,P,A,P,A,A,P,A,A,P,A,A,P,A,P,P,Ex,A,A,P,A,A,A,A,P,P,P,A,A,A,A,A,A,A,P,P,P,A,P,Ex,P,P
41,41,432163,eBMS183,Carcharodus orientalis,Carcharodus-orientalis-description,6,Albert Vliegenthart,A,P,A,P,A,P,A,A,A,A,A,A,A,A,A,A,A,A,P,P,A,A,A,A,A,A,A,A,A,P,P,A,A,A,A,A,A,A,P,P,P,A,A,A,P,P
42,42,432164,eBMS184,Carcharodus floccifera,Carcharodus-floccifera-description,5,Rudi Verovnik,P,P,P,P,A,P,P,P,A,Ex,P,A,P,P,A,A,P,A,P,P,P,A,A,P,A,P,A,P,P,P,P,A,A,A,P,A,A,A,P,P,P,A,P,P,A,P
43,43,432123,eBMS143,Iphiclides podalirius,Iphiclides-podalirius-description,38,Chris Van Swaay,A,P,P,P,P,P,I,P,A,P,P,I,A,P,A,I,P,A,P,P,P,A,A,P,P,I,Ex,P,P,P,P,A,I,A,P,A,A,A,P,P,P,I,P,P,P,P
44,44,432124,eBMS144,Iphiclides feisthamelii,Iphiclides-feisthamelii-description,,,P,A,A,A,A,A,A,A,A,A,A,A,A,P,A,A,P,A,A,A,A,A,A,A,A,A,A,A,A,A,A,A,A,A,A,P,A,A,A,A,A,A,A,A,A,A
45,45,432125,eBMS145,Papilio alexanor,Papilio-alexanor-description,,,A,P,A,P,A,A,A,A,A,A,A,A,A,A,A,A,P,A,P,P,A,A,A,P,A,A,A,A,A,P,P,A,A,A,A,A,A,A,A,A,A,A,A,A,A,A
46,46,432126,eBMS146,Papilio machaon,Papilio-machaon-description,,,P,P,P,P,P,P,P,P,P,P,P,M,P,P,A,P,P,P,P,P,P,A,A,P,P,P,P,P,P,P,P,P,P,P,P,P,A,A,P,P,P,P,P,P,P,P
47,47,432169,eBMS189,Pyrgus malvoides,Pyrgus-malvoides-description,,,P,A,P,A,A,A,A,P,A,A,P,A,A,P,A,A,P,A,A,P,A,A,A,P,P,A,A,A,A,A,A,A,A,A,A,P,A,A,A,A,A,A,P,A,A,A
48,48,432170,eBMS190,Pyrgus malvae,Pyrgus-malvae-description,17,Rudi Verovnik,A,P,P,P,P,P,P,P,A,P,P,P,P,A,A,P,P,P,P,P,P,A,A,P,P,P,P,P,P,P,P,A,P,P,P,A,A,A,P,P,P,P,P,P,P,P
49,49,432171,eBMS191,Pyrgus carthami,Pyrgus-carthami-description,13,Rudi Verovnik,P,P,P,P,Ex,P,A,P,A,P,P,A,A,P,A,A,P,A,P,P,P,A,A,P,A,Ex,A,A,P,P,P,A,I,A,P,A,A,A,P,P,P,A,P,P,P,P
50,50,432172,eBMS192,Pyrgus sidae,Pyrgus-sidae-description,14,Albert Vliegenthart,A,P,A,P,A,P,A,A,A,A,A,A,A,P,A,A,P,A,P,P,A,A,A,P,A,A,A,A,P,P,P,A,A,A,A,A,A,A,P,P,P,A,A,A,P,P
51,51,432173,eBMS193,Pyrgus centaureae,Pyrgus-centaureae-description,,,A,A,A,A,A,A,A,A,A,A,A,A,A,A,A,P,A,A,A,A,A,A,A,A,A,A,A,A,A,A,A,A,A,P,A,A,A,A,A,A,P,P,A,A,A,A
52,52,432174,eBMS194,Pyrgus cacaliae,Pyrgus-cacaliae-description,16,Kars Veling,P,A,P,P,A,P,A,P,A,A,P,A,A,P,A,A,P,A,A,A,A,A,A,P,P,A,A,A,A,A,A,A,A,A,A,A,A,A,P,A,A,A,A,A,A,A
53,53,432175,eBMS195,Pyrgus andromedae,Pyrgus-andromedae-description,15,Kars Veling,P,P,P,P,A,P,A,P,A,A,P,A,A,P,A,P,P,A,A,A,A,A,A,P,P,A,A,A,A,P,P,A,A,P,A,A,A,A,P,P,P,P,P,A,A,P
54,54,432176,eBMS196,Pyrgus serratulae,Pyrgus-serratulae-description,18,Chris Van Swaay,P,P,P,P,P,P,P,P,A,P,P,Ex,P,P,A,A,P,A,P,P,P,A,A,P,P,P,P,P,P,P,P,A,A,A,P,P,A,A,P,P,P,A,P,P,P,P
55,55,432178,eBMS198,Pyrgus armoricanus/serratulae,Pyrgus-armoricanus/serratulae-description,,,P,P,P,P,P,P,P,P,A,P,P,P,P,P,A,A,P,A,P,P,P,A,A,P,P,P,P,P,P,P,P,A,I,A,P,P,A,A,P,P,P,P,P,P,P,P
56,56,432177,eBMS197,Pyrgus armoricanus,Pyrgus-armoricanus-description,22,Chris Van Swaay,A,P,P,P,Ex,P,A,P,A,P,P,P,A,P,A,A,P,A,P,P,P,A,A,P,A,A,P,A,P,P,P,A,I,A,P,P,A,A,P,P,P,P,P,P,P,P
58,58,432180,eBMS199,Pyrgus alveus,Pyrgus-alveus-description,23,Chris Van Swaay,P,P,P,P,I,P,P,P,A,P,P,A,P,P,A,P,P,A,P,P,P,A,A,P,P,P,A,P,P,P,P,A,A,P,P,P,A,A,P,P,P,P,P,P,A,P
59,59,432181,eBMS200,Pyrgus warrenensis,Pyrgus-warrenensis-description,25,Kars Veling,A,A,P,A,A,A,A,P,A,A,P,A,A,A,A,A,P,A,A,A,A,A,A,P,A,A,A,A,A,A,A,A,A,A,A,A,A,A,A,A,A,A,P,A,A,A
60,60,432182,eBMS201,Pyrgus foulquieri,Pyrgus-foulquieri-description,24,Kars Veling,A,A,A,A,A,A,A,A,A,A,A,A,A,P,A,A,P,A,A,A,A,A,A,P,A,A,A,A,A,A,A,A,A,A,A,A,A,A,A,A,A,A,A,A,A,A
61,61,432183,eBMS202,Pyrgus onopordi,Pyrgus-onopordi-description,19,Chris Van Swaay,A,A,A,A,A,A,A,P,A,A,Ex,A,A,P,A,A,P,A,A,A,A,A,A,P,A,A,A,A,A,A,A,A,A,A,A,P,A,A,A,A,A,A,Ex,A,A,A
62,62,432184,eBMS203,Pyrgus carlinae,Pyrgus-carlinae-description,20,Albert Vliegenthart,A,A,P,A,A,A,A,P,A,A,A,A,A,A,A,A,P,A,A,A,A,A,A,P,A,A,A,A,A,A,A,A,A,A,A,A,A,A,A,A,A,A,A,A,A,A
63,63,432185,eBMS204,Pyrgus cirsii,Pyrgus-cirsii-description,21,Albert Vliegenthart,P,A,Ex,A,A,A,A,P,A,A,P,A,A,P,A,A,P,A,A,A,A,A,A,A,A,A,A,A,A,A,A,A,I,A,A,A,A,A,A,A,A,A,A,A,A,A
64,64,432186,eBMS205,Pyrgus cinarae,Pyrgus-cinarae-description,,,A,P,A,A,A,P,A,A,A,A,A,A,A,P,A,A,A,A,P,A,A,A,A,A,A,A,A,A,A,A,P,A,A,A,A,A,A,A,A,P,P,A,A,A,P,P
65,65,432707,eBMS206,Leptidea duponcheli,Leptidea-duponcheli-description,40,Albert Vliegenthart,A,P,A,A,A,P,A,A,A,A,A,A,A,A,A,A,P,A,P,A,A,A,A,A,A,A,A,A,A,P?,P,A,A,A,A,A,A,A,A,P,P,A,A,A,P,P
66,66,432188,eBMS207,Leptidea morsei,Leptidea-morsei-description,,,A,A,P,P,A,A,A,A,A,Ex,A,A,A,A,A,A,A,A,A,P,P,A,A,A,A,A,A,A,P,A,A,A,A,A,P,A,A,A,P,Ex,P,A,P,P,A,P
67,67,432708,eBMS208,Leptidea juvernica,Leptidea-juvernica-description,,,A,P,P,P,P,P,P,P,A,P,P,Ex,P,A,A,P,P,P,P,P,P,P,A,P,P,P,P,P,P?,P,A,A,I,P,P,A,A,A,P,P,P,P,P,P,A,P
68,68,432190,eBMS209,Leptidea sinapis,Leptidea-sinapis-description,39,Kars Veling,P,P,P,P,P,P,P,P,A,P,P,Ex,P,P,A,P,P,P,P,P,P,P,A,P,P,P,P,P,P,P,P,A,P,P,P,P,A,A,P,P,P,P,P,P,P,P
70,70,432191,eBMS210,Leptidea sinapis/juvernica,Leptidea-sinapis/juvernica-description,,,P,P,P,P,P,P,P,P,A,P,P,Ex,P,P,A,P,P,P,P,P,P,P,A,P,P,P,P,P,P,P,P,A,I,P,P,P,A,A,P,P,P,P,P,P,P,P
71,71,432193,eBMS211,Leptidea reali,Leptidea-reali-description,,,P,A,A,A,A,A,A,A,A,A,A,A,A,P,A,A,P,A,A,A,A,A,A,P,A,A,A,A,A,A,A,A,A,A,A,A,A,A,A,A,A,A,A,A,A,A
72,72,432194,eBMS212,Gonepteryx rhamni,Gonepteryx-rhamni-description,,,P,P,P,P,P,P,P,P,A,P,P,P,P,P,A,P,P,P,P,P,P,P,A,P,P,P,P,P,P,P,P,A,P,P,P,P,A,A,P,P,P,P,P,P,P,P
73,73,432195,eBMS213,Gonepteryx cleobule,Gonepteryx-cleobule-description,,,A,A,A,A,A,A,A,A,A,A,A,A,A,A,P,A,A,A,A,A,A,A,A,A,A,A,A,A,A,A,A,A,A,A,A,A,A,A,A,A,A,A,A,A,A,A
74,74,432196,eBMS214,Gonepteryx cleopatra,Gonepteryx-cleopatra-description,,,P,P,A,P,A,P,A,I,P,A,A,A,A,P,A,A,P,A,P,P,A,A,A,P,A,A,A,A,A,P,I,P,A,A,A,P,A,A,A,A,A,A,I,A,P,A
75,75,432197,eBMS215,Gonepteryx maderensis,Gonepteryx-maderensis-description,,,A,A,A,A,A,A,A,A,A,A,A,A,A,A,A,A,A,A,A,A,A,A,A,A,A,A,A,A,A,A,A,A,A,A,A,A,A,P,A,A,A,A,A,A,A,A
76,76,432709,eBMS216,Gonepteryx farinosa,Gonepteryx-farinosa-description,,,A,P,A,A,A,P,A,A,A,A,A,A,A,A,A,A,A,A,P,A,A,A,A,A,A,A,A,A,A,P?,P,A,A,A,A,A,A,A,A,A,A,A,A,A,P,A
77,77,432199,eBMS217,Catopsilia florella,Catopsilia-florella-description,,,A,A,A,A,A,A,A,A,I,A,A,A,A,A,P,A,A,A,A,A,A,A,A,A,A,A,A,A,A,A,A,A,A,A,A,A,A,I,A,A,A,A,A,A,A,A
78,78,432710,eBMS218,Colias hyale,Colias-hyale-description,61,Rudi Verovnik,A,P?,P,P,M,P,P,P,A,P,P,M,P,A,A,M,P,I,A,P,P,A,A,P,P,P,M,P,P,P,P,A,M,A,P,A,A,A,P,P,P,I,P,P,A,P
79,79,432712,eBMS220,Colias hyale/alfacariensis,Colias-hyale/alfacariensis-description,,,P,P,P,P,P,P,P,P,A,P,P,M,P,P,A,M,P,I,P,P,P,A,A,P,A,P,P?,A,P,P,P,A,M,A,P,P,A,A,P,P,P,I,P,P,A,P
80,80,432711,eBMS219,Colias alfacariensis,Colias-alfacariensis-description,62,Kars Veling,P,P,P,P,P,P,I,P,A,P,P,A,A,P,A,A,P,I,P,P,P,A,A,P,P,I,P?,A,P,P,P,A,I,A,P,P,A,A,P,P,P,A,P,P,A,P
82,82,432203,eBMS221,Colias phicomone,Colias-phicomone-description,55,Albert Vliegenthart,P,A,P,A,A,A,A,P,A,A,P,A,A,P,A,A,P,A,A,A,A,A,A,P,P,A,A,A,A,A,A,A,A,A,A,A,A,A,A,A,A,A,A,A,A,A
83,83,432204,eBMS222,Colias aurorina,Colias-aurorina-description,,,A,P,A,A,A,A,A,A,A,A,A,A,A,A,A,A,A,A,P,A,A,A,A,A,A,A,A,A,A,A,A,A,A,A,A,A,A,A,A,A,A,A,A,A,A,A
84,84,432205,eBMS223,Colias chrysotheme,Colias-chrysotheme-description,60,Chris Van Swaay,A,A,P,A,A,A,A,A,A,Ex,A,A,A,A,A,A,A,A,A,A,P,A,A,A,A,A,A,A,P,A,A,A,I,A,A,A,A,A,P,A,P,A,A,P,A,P
85,85,432206,eBMS224,Colias erate,Colias-erate-description,57,Kars Veling,A,A,P,A,A,P,A,A,A,P,I,A,A,A,A,A,A,A,P,P,P,A,A,A,A,A,A,A,P,A,P,A,A,A,I,A,A,A,P,P,P,A,I,P,P,P
86,86,432207,eBMS225,Colias crocea,Colias-crocea-description,58,Chris Van Swaay,M,P,P,M,M,P,I,M,P,M,M,M,I,P,P,I,P,M,M,P,M,M,A,P,M,I,M,M,P,P,M,P,M,I,M,P,P,P,P,P,P,I,P,M,P,P
87,87,432208,eBMS226,Colias myrmidone,Colias-myrmidone-description,59,Martin Wiemers,A,A,P,A,A,A,P,A,A,Ex,Ex,A,A,A,A,A,A,A,A,P,Ex,A,A,A,A,I,A,P,A,A,A,A,A,A,P,A,A,A,P,P,P,A,Ex,P,A,P
88,88,432209,eBMS227,Colias caucasica,Colias-caucasica-description,,,A,P,A,P,A,P,A,A,A,A,A,A,A,A,A,A,A,A,P,P,A,A,A,A,A,A,A,A,A,P,P,A,A,A,A,A,A,A,A,P,A,A,A,A,A,A
89,89,432210,eBMS228,Colias palaeno,Colias-palaeno-description,56,Albert Vliegenthart,A,A,P,A,Ex,A,P,P,A,P,P,I,P,A,A,P,P,A,A,A,A,A,A,P,P,P,A,P,A,A,A,A,I,P,P,A,A,A,Ex,A,P,P,A,P,A,P
90,90,432211,eBMS229,Colias tyche,Colias-tyche-description,,,A,A,A,A,A,A,A,A,A,A,A,A,A,A,A,P,A,A,A,A,A,A,A,A,A,A,A,A,A,A,A,A,A,P,A,A,A,A,A,A,P,P,A,A,A,A
91,91,432212,eBMS230,Colias hecla,Colias-hecla-description,,,A,A,A,A,A,A,A,A,A,A,A,A,A,A,A,P,A,A,A,A,A,A,A,A,A,A,A,A,A,A,A,A,A,P,A,A,A,A,A,A,P,P,A,A,A,A
92,92,432213,eBMS231,Colotis evagore,Colotis-evagore-description,,,A,A,A,A,A,A,A,A,A,A,A,A,A,P,A,A,A,A,A,A,A,A,A,A,A,A,A,A,A,A,A,A,A,A,A,A,A,A,A,A,A,A,A,A,A,A
93,93,432214,eBMS232,Aporia crataegi,Aporia-crataegi-description,46,Kars Veling,P,P,P,P,P,P,P,P,P,P,P,P,P,P,A,P,P,Ex,P,P,P,A,A,P,I,P,P,P,P,P,P,A,Ex,P,P,P,A,A,P,P,P,P,P,P,P,P
94,94,432215,eBMS233,Pontia chloridice,Pontia-chloridice-description,,,A,P,A,A,A,P,A,A,P,A,A,A,A,A,A,I,A,A,P,A,A,A,A,A,A,A,A,I,A,A,P,A,A,A,A,A,A,A,A,A,P,A,A,A,P,I
95,95,432216,eBMS234,Pontia callidice,Pontia-callidice-description,54,Kars Veling,P,A,P,A,A,A,A,P,A,A,P,A,A,P,A,A,P,A,A,A,A,A,A,P,P,A,A,A,A,A,A,A,A,A,A,A,A,A,A,A,P,A,A,A,A,A
96,96,432217,eBMS235,Pontia edusa,Pontia-edusa-description,,,A,P,P,P,I,P,P,P,A,P,P,M,I,A,A,M,A,A,P,P,P,A,A,P,A,P,I,P,P,P,P,M,I,I,P,A,A,A,P,P,P,P,P,P,P,P
97,97,432218,eBMS236,Pontia daplidice,Pontia-daplidice-description,,,M,A,A,A,A,A,A,A,P,A,A,A,A,P,P,A,P,I,A,A,A,A,A,P,A,A,A,A,A,A,A,A,I,A,A,P,A,A,A,A,A,A,A,A,A,A
98,98,432219,eBMS237,Pieris krueperi,Pieris-krueperi-description,48,Rudi Verovnik,A,P,A,A,A,P,A,A,A,A,A,A,A,A,A,A,A,A,P,A,A,A,A,A,A,A,A,A,A,A,P,A,A,A,A,A,A,A,A,A,A,A,A,A,A,A
99,99,432220,eBMS238,Pieris brassicae,Pieris-brassicae-description,47,Albert Vliegenthart,P,P,P,P,P,P,P,P,P,P,P,P,P,P,I,P,P,P,P,P,P,P,I,P,P,P,P,P,P,P,P,P,P,P,P,P,P,A,P,P,P,P,P,P,P,P
100,100,432221,eBMS239,Pieris wollastoni,Pieris-wollastoni-description,,,A,A,A,A,A,A,A,A,A,A,A,A,A,A,A,A,A,A,A,A,A,A,A,A,A,A,A,A,A,A,A,A,A,A,A,A,A,Ex,A,A,A,A,A,A,A,A
101,101,432222,eBMS240,Pieris cheiranthi,Pieris-cheiranthi-description,,,A,A,A,A,A,A,A,A,A,A,A,A,A,A,P,A,A,A,A,A,A,A,A,A,A,A,A,A,A,A,A,A,A,A,A,A,A,A,A,A,A,A,A,A,A,A
102,102,432223,eBMS241,Pieris rapae,Pieris-rapae-description,50,Chris Van Swaay,M,P,P,P,P,P,P,P,P,P,P,P,P,P,P,P,P,P,P,P,P,P,I,P,P,P,P,P,P,P,P,P,P,P,P,P,A,P,P,P,P,P,P,P,P,P
103,103,432224,eBMS242,Pieris mannii,Pieris-mannii-description,49,Martin Wiemers,P,P,P,P,P,P,A,P,A,I,P,A,A,P,A,A,P,A,P,P,Ex,A,A,P,P,A,P,A,A,P,P,A,P,A,A,A,A,A,P,P,A,A,P,Ex,P,A
104,104,432225,eBMS243,Pieris ergane,Pieris-ergane-description,51,Rudi Verovnik,A,P,A,P,A,P,A,A,A,A,A,A,A,P,A,A,P,A,P,P,P,A,A,P,A,A,A,A,A,P,P,A,A,A,A,A,A,A,P,P,A,A,P,A,A,A
105,105,432226,eBMS244,Pieris bryoniae,Pieris-bryoniae-description,53,Kars Veling,A,A,P,A,A,A,A,P,A,P,P,A,A,A,A,A,P,A,A,A,P,A,A,P,P,A,A,A,A,A,A,A,A,A,P,A,A,A,P,A,P,A,P,P,A,P
106,106,432227,eBMS245,Pieris napi,Pieris-napi-description,52,Chris Van Swaay,P,P,P,P,P,P,P,P,A,P,P,P,P,P,A,P,P,P,P,P,P,P,A,P,P,P,P,P,P,P,P,A,P,P,P,P,A,A,P,P,P,P,P,P,P,P
107,107,432714,eBMS246,Pieris balcana,Pieris-balcana-description,,,A,P,A,P,A,P,A,A,A,A,A,A,A,A,A,A,A,A,P,P,A,A,A,A,A,A,A,A,A,P,P,A,A,A,A,A,A,A,P?,P,A,A,P,A,A,A
108,108,432229,eBMS247,Euchloe tagis,Euchloe-tagis-description,,,A,A,A,A,A,A,A,A,A,A,A,A,A,P,A,A,P,A,A,A,A,A,A,P,A,A,A,A,A,A,A,A,A,A,A,P,A,A,A,A,A,A,A,A,A,A
109,109,432230,eBMS248,Euchloe eversi,Euchloe-eversi-description,,,A,A,A,A,A,A,A,A,A,A,A,A,A,A,P,A,A,A,A,A,A,A,A,A,A,A,A,A,A,A,A,A,A,A,A,A,A,A,A,A,A,A,A,A,A,A
110,110,432231,eBMS249,Euchloe grancanariensis,Euchloe-grancanariensis-description,,,A,A,A,A,A,A,A,A,A,A,A,A,A,A,P,A,A,A,A,A,A,A,A,A,A,A,A,A,A,A,A,A,A,A,A,A,A,A,A,A,A,A,A,A,A,A
111,111,432232,eBMS250,Euchloe hesperidum,Euchloe-hesperidum-description,,,A,A,A,A,A,A,A,A,A,A,A,A,A,A,P,A,A,A,A,A,A,A,A,A,A,A,A,A,A,A,A,A,A,A,A,A,A,A,A,A,A,A,A,A,A,A
112,112,432233,eBMS251,Euchloe belemia,Euchloe-belemia-description,44,Albert Vliegenthart,A,A,A,A,A,A,A,A,A,A,A,A,A,P,A,A,A,A,A,A,A,A,A,A,A,A,A,A,A,A,A,I,A,A,A,P,A,A,A,A,A,A,A,A,A,A
113,113,432234,eBMS252,Euchloe insularis,Euchloe-insularis-description,,,A,A,A,A,A,A,A,A,A,A,A,A,A,A,A,A,P,A,A,A,A,A,A,P,A,A,A,A,A,A,A,A,A,A,A,A,A,A,A,A,A,A,A,A,A,A
114,114,432235,eBMS253,Euchloe crameri,Euchloe-crameri-description,,,P,A,A,A,A,A,A,A,A,A,A,A,A,P,A,A,P,A,A,A,A,A,A,P,A,A,A,A,A,A,A,A,A,A,A,P,A,A,A,A,A,A,A,A,A,A
115,115,432236,eBMS254,Euchloe simplonia,Euchloe-simplonia-description,,,P,A,A,A,A,A,A,P,A,A,A,A,A,P,A,A,P,A,A,A,A,A,A,P,A,A,A,A,A,A,A,A,A,A,A,A,A,A,A,A,A,A,A,A,A,A
116,116,432237,eBMS255,Euchloe ausonia,Euchloe-ausonia-description,45,Chris Van Swaay,A,P,A,P,A,P,A,A,P,A,A,A,A,A,A,I,A,A,P,P,A,A,A,P,A,A,A,A,P,P,P,A,A,A,A,A,A,A,P,P,P,A,A,A,P,P
117,117,432238,eBMS256,Euchloe charlonia,Euchloe-charlonia-description,,,A,A,A,A,A,A,A,A,A,A,A,A,A,A,P,A,A,A,A,A,A,A,A,A,A,A,A,A,A,A,A,A,A,A,A,A,A,A,A,A,A,A,A,A,A,A
118,118,432239,eBMS257,Euchloe penia,Euchloe-penia-description,,,A,P,A,A,A,P,A,A,A,A,A,A,A,A,A,A,A,A,P,A,A,A,A,A,A,A,A,A,A,A,P,A,A,A,A,A,A,A,A,A,A,A,A,A,P,A
119,119,432240,eBMS258,Euchloe bazae,Euchloe-bazae-description,,,A,A,A,A,A,A,A,A,A,A,A,A,A,P,A,A,A,A,A,A,A,A,A,A,A,A,A,A,A,A,A,A,A,A,A,A,A,A,A,A,A,A,A,A,A,A
120,120,432241,eBMS259,Zegris pyrothoe,Zegris-pyrothoe-description,,,A,A,A,A,A,A,A,A,A,A,A,A,A,A,A,A,A,A,A,A,A,A,A,A,A,A,A,A,A,A,A,A,A,A,A,A,A,A,A,A,P,A,A,A,A,A
121,121,432242,eBMS260,Zegris eupheme,Zegris-eupheme-description,,,A,A,A,A,A,A,A,A,A,A,A,A,A,P,A,A,A,A,A,A,A,A,A,A,A,A,A,A,A,A,A,A,A,A,A,A,A,A,A,A,P,A,A,A,A,P
122,122,432243,eBMS261,Anthocharis euphenoides,Anthocharis-euphenoides-description,42,Albert Vliegenthart,P,A,A,A,A,A,A,I,A,A,A,A,A,P,A,A,P,A,A,A,A,A,A,P,A,A,A,A,A,A,A,A,A,A,A,P,A,A,A,A,A,A,A,A,A,A
123,123,432244,eBMS262,Anthocharis cardamines,Anthocharis-cardamines-description,41,Chris Van Swaay,P,P,P,P,P,P,P,P,P,P,P,P,P,P,A,P,P,P,P,P,P,P,A,P,P,P,P,P,P,P,P,A,P,P,P,P,A,A,P,P,P,P,P,P,P,P
124,124,432245,eBMS263,Anthocharis gruneri,Anthocharis-gruneri-description,43,Albert Vliegenthart,A,P,A,A,A,P,A,A,A,A,A,A,A,A,A,A,A,A,P,A,A,A,A,A,A,A,A,A,A,A,P,A,A,A,A,A,A,A,A,P,A,A,A,A,A,A
125,125,432246,eBMS264,Anthocharis damone,Anthocharis-damone-description,,,A,P,A,A,A,A,A,A,A,A,A,A,A,A,A,A,A,A,P,A,A,A,A,P,A,A,A,A,A,A,P,A,A,A,A,A,A,A,A,P,A,A,A,A,P,A
126,126,432247,eBMS265,Hamearis lucina,Hamearis-lucina-description,131,Chris Van Swaay,P,P,P,P,P,P,Ex,P,A,P,P,Ex,P,P,A,A,P,P,P,P,P,A,A,P,P,Ex,Ex,P,P,P,P,A,A,A,P,P,A,A,P,P,P,P,P,P,P,P
127,127,432248,eBMS266,Lycaena dimorpha,Lycaena-dimorpha-description,,,A,A,A,A,A,A,A,A,A,A,A,A,A,A,A,A,A,A,A,A,A,A,A,A,A,A,A,A,A,A,A,A,A,A,A,A,A,A,A,A,P,A,A,A,A,A
128,128,432249,eBMS267,Lycaena helle,Lycaena-helle-description,64,Albert Vliegenthart,P,A,P,A,P,P,P,P,A,P,P,A,A,P,A,P,P,A,A,A,A,A,A,Ex,A,P,P,A,A,A,A,A,A,P,P,A,A,A,P,P,P,P,A,Ex,A,P
129,129,432250,eBMS268,Lycaena alciphron,Lycaena-alciphron-description,69,Kars Veling,P,P,P,P,A,P,P,P,A,P,P,I,P,P,A,A,P,A,P,P,P,A,A,P,A,P,A,P,P,P,P,A,A,A,P,P,A,A,P,P,P,A,P,P,P,P
130,130,432251,eBMS269,Lycaena thetis,Lycaena-thetis-description,,,A,A,A,A,A,A,A,A,A,A,A,A,A,A,A,A,A,A,P,A,A,A,A,A,A,A,A,A,A,A,A,A,A,A,A,A,A,A,A,A,A,A,A,A,A,A
131,131,432252,eBMS270,Lycaena thersamon,Lycaena-thersamon-description,72,Kars Veling,A,P,Ex,P,A,P,A,A,P,Ex,A,A,A,A,A,A,A,A,P,P,P,A,A,P,A,A,A,A,P,P,P,A,A,A,A,A,A,A,P,P,P,A,A,P,P,P
132,132,432253,eBMS271,Lycaena dispar,Lycaena-dispar-description,65,Josef Settele,A,P,P,P,P,P,P,P,A,P,P,Ex,P,A,A,P,P,Ex,P,P,P,A,A,P,A,P,P,P,P,P,P,A,P,A,P,A,A,A,P,P,P,A,P,P,P,P
133,133,432254,eBMS272,Lycaena hippothoe,Lycaena-hippothoe-description,70,Albert Vliegenthart,P,A,P,P,P,A,P,P,A,P,P,P,P,P,A,P,P,A,A,P,P,A,A,P,P,P,P,P,A,A,A,A,Ex,P,P,A,A,A,P,P,P,P,P,P,A,P
134,134,432295,eBMS313,Pseudophilotes barbagiae,Pseudophilotes-barbagiae-description,,,A,A,A,A,A,A,A,A,A,A,A,A,A,A,A,A,A,A,A,A,A,A,A,P,A,A,A,A,A,A,A,A,A,A,A,A,A,A,A,A,A,A,A,A,A,A
135,135,432296,eBMS314,Pseudophilotes abencerragus,Pseudophilotes-abencerragus-description,,,A,A,A,A,A,A,A,A,A,A,A,A,A,P,A,A,A,A,A,A,A,A,A,A,A,A,A,A,A,A,A,A,A,A,A,P,A,A,A,A,A,A,A,A,A,A
136,136,432297,eBMS315,Pseudophilotes panoptes,Pseudophilotes-panoptes-description,,,A,A,A,A,A,A,A,A,A,A,A,A,A,P,A,A,A,A,A,A,A,A,A,A,A,A,A,A,A,A,A,A,A,A,A,P,A,A,A,A,A,A,A,A,A,A
137,137,432298,eBMS316,Pseudophilotes vicrama,Pseudophilotes-vicrama-description,95,Albert Vliegenthart,A,P,P,P,A,P,P,A,P,P,P,A,P,A,A,P,A,A,P,P,P,A,A,P,A,P,A,P,P,P,P,A,A,A,P,A,A,A,P,P,P,A,P,P,P,P
138,138,432299,eBMS317,Pseudophilotes baton,Pseudophilotes-baton-description,94,Kars Veling,P,A,P,A,Ex,A,A,P,A,P,P,A,A,P,A,A,P,A,A,A,A,A,A,P,A,A,A,A,A,A,A,A,A,A,Ex,P,A,A,A,A,A,A,A,A,A,A
139,139,432300,eBMS318,Scolitantides orion,Scolitantides-orion-description,97,Chris Van Swaay,A,P,P,P,A,P,P,P,A,P,P,A,A,P,A,P,P,A,P,P,P,A,A,P,A,A,A,A,P,P,P,A,A,P,P,A,A,A,P,P,P,P,P,P,P,P
140,140,432301,eBMS319,Praephilotes anthracias,Praephilotes-anthracias-description,,,A,A,A,A,A,A,A,A,A,A,A,A,A,A,A,A,A,A,A,A,A,A,A,A,A,A,A,A,A,A,A,A,A,A,A,A,A,A,A,A,P,A,A,A,A,A
141,141,432302,eBMS320,Iolana iolas,Iolana-iolas-description,100,Rudi Verovnik,A,P,A,P,A,P,A,P,A,A,A,A,A,A,A,A,P,A,P,P,P,A,A,P,A,A,A,A,A,P,P,A,A,A,A,A,A,A,P,P,A,A,P,Ex,A,A
142,142,432303,eBMS321,Iolana debilitata,Iolana-debilitata-description,,,A,A,A,A,A,A,A,A,A,A,A,A,A,P,A,A,A,A,A,A,A,A,A,A,A,A,A,A,A,A,A,A,A,A,A,A,A,A,A,A,A,A,A,A,A,A
143,143,432304,eBMS322,Glaucopsyche melanops,Glaucopsyche-melanops-description,99,Albert Vliegenthart,A,A,A,A,A,A,A,A,A,A,A,A,A,P,A,A,P,A,A,A,A,A,A,P,A,A,A,A,A,A,A,A,A,A,A,P,A,A,A,A,A,A,A,A,A,A
144,144,432305,eBMS323,Glaucopsyche paphos,Glaucopsyche-paphos-description,,,A,A,A,A,A,A,A,A,P,A,A,A,A,A,A,A,A,A,A,A,A,A,A,A,A,A,A,A,A,A,A,A,A,A,A,A,A,A,A,A,A,A,A,A,A,A
145,145,432306,eBMS324,Glaucopsyche alexis,Glaucopsyche-alexis-description,98,Albert Vliegenthart,P,P,P,P,P,P,P,P,A,P,P,I,Ex,P,A,P,P,A,P,P,P,A,A,P,P,P,P,P,P,P,P,A,A,P,P,P,A,A,P,P,P,P,P,P,P,P
146,146,432497,eBMS514,Hipparchia tilosi,Hipparchia-tilosi-description,,,A,A,A,A,A,A,A,A,A,A,A,A,A,A,P,A,A,A,A,A,A,A,A,A,A,A,A,A,A,A,A,A,A,A,A,A,A,A,A,A,A,A,A,A,A,A
147,147,432498,eBMS515,Hipparchia bacchus,Hipparchia-bacchus-description,,,A,A,A,A,A,A,A,A,A,A,A,A,A,A,P,A,A,A,A,A,A,A,A,A,A,A,A,A,A,A,A,A,A,A,A,A,A,A,A,A,A,A,A,A,A,A
148,148,432499,eBMS516,Hipparchia wyssii,Hipparchia-wyssii-description,,,A,A,A,A,A,A,A,A,A,A,A,A,A,A,P,A,A,A,A,A,A,A,A,A,A,A,A,A,A,A,A,A,A,A,A,A,A,A,A,A,A,A,A,A,A,A
149,149,432500,eBMS517,Hipparchia tamadabae,Hipparchia-tamadabae-description,,,A,A,A,A,A,A,A,A,A,A,A,A,A,A,P,A,A,A,A,A,A,A,A,A,A,A,A,A,A,A,A,A,A,A,A,A,A,A,A,A,A,A,A,A,A,A
150,150,432501,eBMS518,Hipparchia gomera,Hipparchia-gomera-description,,,A,A,A,A,A,A,A,A,A,A,A,A,A,A,P,A,A,A,A,A,A,A,A,A,A,A,A,A,A,A,A,A,A,A,A,A,A,A,A,A,A,A,A,A,A,A
151,151,432502,eBMS519,Hipparchia fidia,Hipparchia-fidia-description,231,Chris Van Swaay,P,A,A,A,A,A,A,A,A,A,A,A,A,P,A,A,P,A,A,A,A,A,A,P,A,A,A,A,A,A,A,A,A,A,A,P,A,A,A,A,A,A,A,A,A,A
152,152,432503,eBMS520,Hipparchia neomiris,Hipparchia-neomiris-description,,,A,A,A,A,A,A,A,A,A,A,A,A,A,A,A,A,P,A,A,A,A,A,A,P,A,A,A,A,A,A,A,A,A,A,A,A,A,A,A,A,A,A,A,A,A,A
153,153,432504,eBMS521,Hipparchia autonoe,Hipparchia-autonoe-description,,,A,A,A,A,A,A,A,A,A,A,A,A,A,A,A,A,A,A,A,A,A,A,A,A,A,A,A,A,A,A,A,A,A,A,A,A,A,A,A,A,P,A,A,A,A,A
154,154,432505,eBMS522,Hipparchia hermione,Hipparchia-hermione-description,225,Chris Van Swaay,P,A,P,A,A,A,P,P,A,P,P,A,A,P,A,A,P,A,A,A,A,A,A,P,A,P,I,P,A,A,A,A,A,P,P,P,A,A,A,A,P,A,A,P,A,P
155,155,432506,eBMS523,Hipparchia syriaca,Hipparchia-syriaca-description,226,Josef Settele,A,P,A,P,A,P,A,A,P,A,A,A,A,A,A,A,A,A,P,P,A,A,A,A,A,A,A,A,A,P,P,A,A,A,A,A,A,A,P,P,P,A,A,A,P,A
156,156,432726,eBMS524,Hipparchia fagi,Hipparchia-fagi-description,224,Rudi Verovnik,A,P,P,P,A,P,A,P,A,P,P,A,A,P,A,A,P,A,P,P,P,A,A,P,A,A,A,A,P?,P,P,A,I,A,A,A,A,A,P,P,P,A,P,P,A,P
157,157,432508,eBMS525,Hipparchia mersina,Hipparchia-mersina-description,,,A,A,A,A,A,A,A,A,A,A,A,A,A,A,A,A,A,A,P,A,A,A,A,A,A,A,A,A,A,A,A,A,A,A,A,A,A,A,A,A,A,A,A,A,A,A
158,158,432509,eBMS526,Hipparchia miguelensis,Hipparchia-miguelensis-description,,,A,A,A,A,A,A,A,A,A,A,A,A,A,A,A,A,A,A,A,A,A,A,A,A,A,A,A,A,A,A,A,A,A,A,A,A,P,A,A,A,A,A,A,A,A,A
159,159,432255,eBMS273,Lycaena candens,Lycaena-candens-description,71,Albert Vliegenthart,A,P,A,P,A,P,A,A,A,A,A,A,A,A,A,A,A,A,P,P,A,A,A,A,A,A,A,A,A,P,P,A,A,A,A,A,A,A,A,P,A,A,A,A,A,A
160,160,432256,eBMS274,Lycaena ottomana,Lycaena-ottomana-description,67,Chris Van Swaay,A,P,A,P,A,P,A,A,A,A,A,A,A,A,A,A,A,A,P,P,A,A,A,A,A,A,A,A,A,P,A,A,A,A,A,A,A,A,A,A,A,A,A,A,A,A
161,161,432257,eBMS275,Lycaena bleusei,Lycaena-bleusei-description,,,A,A,A,A,A,A,A,A,A,A,A,A,A,P,A,A,A,A,A,A,A,A,A,A,A,A,A,A,A,A,A,A,A,A,A,P,A,A,A,A,A,A,A,A,A,A
162,162,432258,eBMS276,Lycaena phlaeas,Lycaena-phlaeas-description,63,Albert Vliegenthart,P,P,P,P,P,P,P,P,P,P,P,P,P,P,P,P,P,P,P,P,P,P,A,P,A,P,P,P,P,P,P,P,P,P,P,P,A,P,P,P,P,P,P,P,P,P
163,163,432259,eBMS277,Lycaena virgaureae,Lycaena-virgaureae-description,66,Albert Vliegenthart,P,P,P,P,P,P,P,P,A,P,P,P,P,P,A,P,P,A,P,P,P,A,A,P,A,P,Ex,P,P,P,P,A,I,P,P,P,A,A,P,P,P,P,P,P,A,P
164,164,432260,eBMS278,Lycaena tityrus,Lycaena-tityrus-description,68,Albert Vliegenthart,P,P,P,P,P,P,P,P,A,P,P,P,P,P,A,I,P,A,P,P,P,A,A,P,P,P,P,P,P,P,P,A,P,A,P,P,A,A,P,P,P,A,P,P,P,P
165,165,432261,eBMS279,Cigaritis acamas,Cigaritis-acamas-description,,,A,A,A,A,A,A,A,A,P,A,A,A,A,A,A,A,A,A,A,A,A,A,A,A,A,A,A,A,A,A,A,A,A,A,A,A,A,A,A,A,A,A,A,A,A,A
166,166,432262,eBMS280,Thecla betulae,Thecla-betulae-description,73,Kars Veling,P,P,P,P,P,P,P,P,A,P,P,P,P,P,A,P,P,P,P,P,P,P,A,P,P,P,P,P,P,P,P,A,P,P,P,P,A,A,P,P,P,P,P,P,P,P
167,167,432263,eBMS281,Favonius quercus,Favonius-quercus-description,74,Albert Vliegenthart,P,P,P,P,P,P,P,P,P,P,P,P,P,P,A,P,P,P,P,P,P,P,A,P,P,P,P,P,P,P,P,A,P,P,P,P,A,A,P,P,P,P,P,P,P,P
168,168,432264,eBMS282,Laeosopis roboris,Laeosopis-roboris-description,75,Kars Veling,P,A,A,A,A,A,A,A,A,A,A,A,A,P,A,A,P,A,A,A,A,A,A,A,A,A,A,A,A,A,A,A,A,A,A,P,A,A,A,A,A,A,A,A,A,A
169,169,432265,eBMS283,Tomares ballus,Tomares-ballus-description,76,Albert Vliegenthart,A,A,A,A,A,A,A,A,A,A,A,A,A,P,A,A,P,A,A,A,A,A,A,A,A,A,A,A,A,A,A,A,A,A,A,P,A,A,A,A,A,A,A,A,A,A
170,170,432266,eBMS284,Tomares nogelii,Tomares-nogelii-description,,,A,A,A,A,A,A,A,A,A,A,A,A,A,A,A,A,A,A,A,A,A,A,A,A,A,A,A,A,P,A,A,A,A,A,A,A,A,A,P,A,A,A,A,A,A,P
171,171,432267,eBMS285,Tomares callimachus,Tomares-callimachus-description,,,A,A,A,A,A,A,A,A,A,A,A,A,A,A,A,A,A,A,A,A,A,A,A,A,A,A,A,A,A,A,A,A,A,A,A,A,A,A,A,A,P,A,A,A,A,P
172,172,432268,eBMS286,Callophrys avis,Callophrys-avis-description,77,Kars Veling,A,A,A,A,A,A,A,A,A,A,A,A,A,P,A,A,P,A,A,A,A,A,A,P,A,A,A,A,A,A,A,A,A,A,A,P,A,A,A,A,A,A,A,A,A,A
173,173,432269,eBMS287,Callophrys suaveola,Callophrys-suaveola-description,,,A,A,A,A,A,A,A,A,A,A,A,A,A,A,A,A,A,A,A,A,A,A,A,A,A,A,A,A,A,A,A,A,A,A,A,A,A,A,A,A,P,A,A,A,A,A
174,174,432270,eBMS288,Callophrys rubi,Callophrys-rubi-description,,,P,P,P,P,P,P,P,P,A,P,P,P,P,P,A,P,P,P,P,P,P,P,A,P,P,P,P,P,P,P,P,I,P,P,P,P,A,A,P,P,P,P,P,P,P,P
175,175,432271,eBMS289,Callophrys chalybeitincta,Callophrys-chalybeitincta-description,,,A,A,A,A,A,A,A,A,A,A,A,A,A,A,A,A,A,A,A,A,A,A,A,A,A,A,A,A,A,A,A,A,A,A,A,A,A,A,A,A,P,A,A,A,A,A
176,176,432272,eBMS290,Neolycaena rhymnus,Neolycaena-rhymnus-description,,,A,A,A,A,A,A,A,A,A,A,A,A,A,A,A,A,A,A,A,A,A,A,A,A,A,A,A,A,A,A,A,A,A,A,A,A,A,A,A,A,P,A,A,A,A,P
177,177,432715,eBMS291,Satyrium pruni,Satyrium-pruni-description,79,Chris Van Swaay,A,P?,P,P,P,P,P,P,A,P,P,Ex,P,P,A,P,P,P,P,P,P,A,A,P,A,P,P,P,P,P,P,A,I,A,P,A,A,A,P,P,P,P,P,P,A,P
178,178,432274,eBMS292,Satyrium ilicis,Satyrium-ilicis-description,81,Albert Vliegenthart,P,P,P,P,P,P,P,P,A,P,P,Ex,P,P,A,A,P,A,P,P,P,A,A,P,A,P,P,P,P,P,P,A,P,A,P,P,A,A,P,P,P,P,P,P,P,P
179,179,432275,eBMS293,Satyrium esculi,Satyrium-esculi-description,82,Kars Veling,P,A,A,A,A,A,A,A,A,A,A,A,A,P,A,A,P,A,A,A,A,A,A,P,A,A,A,A,A,A,A,A,A,A,A,P,A,A,A,A,A,A,A,A,A,A
180,180,432276,eBMS294,Satyrium ledereri,Satyrium-ledereri-description,,,A,A,A,A,A,A,A,A,A,A,A,A,A,A,A,A,A,A,P,A,A,A,A,A,A,A,A,A,A,A,A,A,A,A,A,A,A,A,A,A,A,A,A,A,A,A
181,181,432277,eBMS295,Satyrium w-album,Satyrium-w-album-description,78,Kars Veling,P,P,P,P,P,P,P,P,A,P,P,P,P,P,A,P,P,P,P,P,P,A,A,P,P,P,P,P,P,P,P,A,P,P,P,A,A,A,P,P,P,P,P,P,A,P
182,182,432278,eBMS296,Satyrium spini,Satyrium-spini-description,80,Albert Vliegenthart,P,P,P,P,P,P,P,P,A,P,P,A,A,P,A,A,P,A,P,P,P,A,A,P,A,P,I,A,P,P,P,A,A,A,P,P,A,A,P,P,P,A,P,P,P,P
183,183,432279,eBMS297,Satyrium acaciae,Satyrium-acaciae-description,83,Martin Wiemers,P,P,P,P,Ex,P,A,P,A,P,P,A,A,P,A,A,P,A,P,P,P,A,A,P,A,A,I,A,P,P,P,A,A,A,P,A,A,A,P,P,P,A,P,P,P,P
184,184,432280,eBMS298,Leptotes pirithous,Leptotes-pirithous-description,86,Albert Vliegenthart,M,P,I,P,A,P,A,I,P,I,I,A,A,P,P,A,P,A,P,P,I,A,A,P,I,A,A,A,P,M,M,P,A,A,I,P,A,P,I,M,P,A,P,I,P,I
185,185,432281,eBMS299,Cyclyrius webbianus,Cyclyrius-webbianus-description,,,A,A,A,A,A,A,A,A,A,A,A,A,A,A,P,A,A,A,A,A,A,A,A,A,A,A,A,A,A,A,A,A,A,A,A,A,A,A,A,A,A,A,A,A,A,A
186,186,432282,eBMS300,Azanus ubaldus,Azanus-ubaldus-description,,,A,A,A,A,A,A,A,A,A,A,A,A,A,A,P,A,A,A,A,A,A,A,A,P,A,A,A,A,A,A,A,P,A,A,A,A,A,A,A,A,A,A,A,A,A,A
187,187,432283,eBMS301,Azanus jesous,Azanus-jesous-description,,,A,A,A,A,A,A,A,A,I,A,A,A,A,P,A,A,A,A,A,A,A,A,A,A,A,A,A,A,A,A,A,A,A,A,A,A,A,A,A,A,A,A,A,A,A,A
188,188,432284,eBMS302,Lampides boeticus,Lampides-boeticus-description,84,Albert Vliegenthart,M,P,I,P,I,M,A,M,P,I,I,A,A,P,P,A,P,I,P,P,I,A,A,P,A,A,I,A,P,M,M,P,I,A,I,P,P,P,I,M,P,A,P,I,P,I
189,189,432716,eBMS303,Cacyreus marshalli,Cacyreus-marshalli-description,85,Chris Van Swaay,P,P,I,P,A,P,A,P,A,I,I,I,A,P,P,A,P,I,P,P,A,A,A,P,A,A,A,A,A,P,P?,P,I,A,A,P,A,A,A,A,A,A,P,A,A,A
190,190,432286,eBMS304,Celastrina argiolus,Celastrina-argiolus-description,93,Albert Vliegenthart,P,P,P,P,P,P,P,P,P,P,P,P,P,P,A,P,P,P,P,P,P,P,A,P,P,P,P,P,P,P,P,P,P,P,P,P,A,A,P,P,P,P,P,P,P,P
191,191,432287,eBMS305,Tarucus theophrastus,Tarucus-theophrastus-description,,,A,A,A,A,A,A,A,A,A,A,A,A,A,P,A,A,A,A,A,A,A,A,A,A,A,A,A,A,A,A,A,A,A,A,A,A,A,A,A,A,A,A,A,A,A,A
192,192,432288,eBMS306,Tarucus balkanicus,Tarucus-balkanicus-description,,,A,P,A,P,A,P,A,A,P,A,A,A,A,A,A,A,A,A,P,P,A,A,A,A,A,A,A,A,A,P,P,A,A,A,A,A,A,A,A,A,A,A,A,A,P,A
193,193,432289,eBMS307,Phengaris alcon,Phengaris-alcon-description,104,Chris Van Swaay,P,P,P,P,P,P,P,P,A,P,P,P,P,P,A,A,P,A,P,P,P,A,A,P,P,P,A,P,A,P,P,A,P,A,P,P,A,A,P,P,P,P,P,P,A,P
194,194,432290,eBMS308,Phengaris arion,Phengaris-arion-description,101,Chris Van Swaay,P,P,P,P,P,P,P,P,A,P,P,P,P,P,A,P,P,P,P,P,P,A,A,P,P,P,P,P,P,P,P,A,Ex,A,P,A,A,A,P,P,P,P,P,P,P,P
195,195,432291,eBMS309,Phengaris teleius,Phengaris-teleius-description,102,Chris Van Swaay,A,A,P,A,Ex,A,P,P,A,P,P,A,A,A,A,A,P,A,A,P,P,A,A,P,P,P,A,P,A,A,A,A,P,A,P,A,A,A,P,P,P,A,P,P,A,P
196,196,432292,eBMS310,Phengaris nausithous,Phengaris-nausithous-description,103,Josef Settele,A,A,P,A,A,P,P,P,A,P,P,A,A,P,A,A,P,A,A,P,P,A,A,A,P,A,A,A,A,A,A,A,P,A,P,A,A,A,P,A,P,A,P,P,A,P
197,197,432293,eBMS311,Turanana taygetica,Turanana-taygetica-description,,,A,A,A,A,A,A,A,A,A,A,A,A,A,A,A,A,A,A,P,A,A,A,A,A,A,A,A,A,A,A,A,A,A,A,A,A,A,A,A,A,A,A,A,A,A,A
198,198,432294,eBMS312,Pseudophilotes bavius,Pseudophilotes-bavius-description,96,Albert Vliegenthart,A,A,A,A,A,P,A,A,A,A,A,A,A,A,A,A,A,A,P,A,A,A,A,A,A,A,A,A,A,A,P,A,A,A,A,A,A,A,P,P,P,A,A,A,P,P
199,199,432307,eBMS325,Zizeeria knysna,Zizeeria-knysna-description,87,Albert Vliegenthart,A,A,A,A,A,A,A,A,A,A,A,A,A,P,P,A,A,A,A,A,A,A,A,A,A,A,A,A,A,A,A,A,A,A,A,P,A,A,A,A,A,A,A,A,A,A
200,200,432308,eBMS326,Zizeeria karsandra,Zizeeria-karsandra-description,,,A,A,A,A,A,A,A,A,P,A,A,A,A,A,A,A,A,A,P,A,A,A,A,P,A,A,A,A,A,A,A,P,A,A,A,A,A,A,A,A,A,A,A,A,A,A
201,201,432309,eBMS327,Tongeia fischeri,Tongeia-fischeri-description,,,A,A,A,A,A,A,A,A,A,A,A,A,A,A,A,A,A,A,A,A,A,A,A,A,A,A,A,A,A,A,A,A,A,A,A,A,A,A,A,A,P,A,A,A,A,A
202,202,432310,eBMS328,Cupido argiades,Cupido-argiades-description,90,Josef Settele,P,P,P,P,Ex,P,P,P,A,P,P,A,P,P,A,P,P,I,P,P,P,A,A,P,M,P,P,P,P,P,M,A,P,A,P,A,A,A,P,P,P,I,P,P,P,P
203,203,432311,eBMS329,Cupido decoloratus,Cupido-decoloratus-description,91,Chris Van Swaay,A,P,P,P,A,P,P,A,A,P,A,A,A,A,A,A,A,A,P,P,P,A,A,A,A,A,A,A,P,P,P,A,A,A,I,A,A,A,P,P,P,A,P,P,A,P
204,204,432312,eBMS330,Cupido alcetas,Cupido-alcetas-description,92,Kars Veling,P,P,P,P,A,P,A,P,A,P,A,A,A,P,A,I,P,A,P,P,P,A,A,P,A,A,A,P,P,P,P,A,A,A,I,A,A,A,P,P,P,A,P,P,A,P
205,205,432313,eBMS331,Cupido osiris,Cupido-osiris-description,89,Chris Van Swaay,A,P,P,P,A,P,A,P,A,A,Ex,A,A,P,A,A,P,A,P,P,P,A,A,P,A,A,A,A,P,P,P,A,A,A,A,A,A,A,P,P,P,A,P,P,P,P
206,206,432314,eBMS332,Cupido minimus,Cupido-minimus-description,88,Albert Vliegenthart,P,P,P,P,P,P,P,P,A,P,P,P,P,P,A,P,P,P,P,P,P,P,A,P,P,P,P,P,P,P,P,A,Ex,P,P,P,A,A,P,P,P,P,P,P,A,P
207,207,432315,eBMS333,Cupido lorquinii,Cupido-lorquinii-description,,,A,A,A,A,A,A,A,A,A,A,A,A,A,P,A,A,A,A,A,A,A,A,A,A,A,A,A,A,A,A,A,A,A,A,A,P,A,A,A,A,A,A,A,A,A,A
208,208,432316,eBMS334,Luthrodes galba,Luthrodes-galba-description,,,A,A,A,A,A,A,A,A,P,A,A,A,A,A,A,A,A,A,A,A,A,A,A,A,A,A,A,A,A,A,A,A,A,A,A,A,A,A,A,A,A,A,A,A,A,A
209,209,432317,eBMS335,Freyeria trochylus,Freyeria-trochylus-description,,,A,A,A,A,A,P,A,A,P,A,A,A,A,A,A,A,A,A,P,A,A,A,A,A,A,A,A,A,A,A,A,A,A,A,A,A,A,A,A,A,A,A,A,A,A,A
210,210,432318,eBMS336,Plebejus argus,Plebejus-argus-description,,,P,P,P,P,P,P,P,P,A,P,P,P,P,P,A,P,P,P,P,P,P,A,A,P,P,P,P,P,P,P,P,I,P,P,P,P,A,A,P,P,P,P,P,P,P,P
211,211,432319,eBMS337,Plebejus idas,Plebejus-idas-description,105,Kars Veling,P,P,P,P,Ex,P,P,P,A,P,P,P,P,P,A,P,P,A,P,P,P,A,A,P,P,P,I,P,P,P,P,A,Ex,P,P,A,A,A,P,P,P,P,P,P,A,P
212,212,432320,eBMS338,Plebejus bellieri,Plebejus-bellieri-description,,,A,A,A,A,A,A,A,A,A,A,A,A,A,A,A,A,P,A,A,A,A,A,A,P,A,A,A,A,A,A,A,A,A,A,A,A,A,A,A,A,A,A,A,A,A,A
213,213,432321,eBMS339,Plebejus argyrognomon,Plebejus-argyrognomon-description,106,Albert Vliegenthart,A,P,P,P,Ex,P,P,P,A,P,P,A,A,A,A,A,P,A,P,P,P,A,A,P,A,P,A,P,P,P,P,A,A,P,P,A,A,A,P,P,P,P,P,P,A,P
214,214,432322,eBMS340,Agriades orbitulus,Agriades-orbitulus-description,109,Martin Wiemers,A,A,P,A,A,A,A,P,A,A,P,A,A,A,A,A,P,A,A,A,A,A,A,P,P,A,A,A,A,A,A,A,A,P,A,A,A,A,A,A,P,P,P,A,A,A
215,215,432323,eBMS341,Agriades optilete,Agriades-optilete-description,107,Albert Vliegenthart,A,A,P,A,A,A,P,P,A,P,P,P,P,A,A,P,P,A,A,A,A,A,A,P,A,P,A,P,A,A,P,A,P,P,P,A,A,A,Ex,P,P,P,P,P,A,P
216,216,432324,eBMS342,Agriades pyrenaicus,Agriades-pyrenaicus-description,,,A,A,A,A,A,A,A,A,A,A,A,A,A,P,A,A,P,A,A,A,A,A,A,A,A,A,A,A,A,A,A,A,A,A,A,A,A,A,A,A,A,A,A,A,A,A
217,217,432325,eBMS343,Agriades dardanus,Agriades-dardanus-description,,,A,A,A,P,A,P,A,A,A,A,A,A,A,A,A,A,A,A,P,A,A,A,A,A,A,A,A,A,A,A,A,A,A,A,A,A,A,A,A,A,P,A,A,A,A,P
218,218,432326,eBMS344,Agriades zullichi,Agriades-zullichi-description,,,A,A,A,A,A,A,A,A,A,A,A,A,A,P,A,A,A,A,A,A,A,A,A,A,A,A,A,A,A,A,A,A,A,A,A,A,A,A,A,A,A,A,A,A,A,A
219,219,432327,eBMS345,Agriades glandon,Agriades-glandon-description,108,Albert Vliegenthart,P,A,P,A,A,A,A,P,A,A,P,A,A,P,A,A,P,A,A,A,A,A,A,P,P,A,A,A,A,A,A,A,A,A,A,A,A,A,A,A,A,A,A,A,A,A
220,220,432328,eBMS346,Agriades aquilo,Agriades-aquilo-description,,,A,A,A,A,A,A,A,A,A,A,A,A,A,A,A,P,A,A,A,A,A,A,A,A,A,A,A,A,A,A,A,A,A,P,A,A,A,A,A,A,P,P,A,A,A,A
221,221,432329,eBMS347,Plebejidea loewii,Plebejidea-loewii-description,,,A,A,A,A,A,A,A,A,A,A,A,A,A,A,A,A,A,A,P,A,A,A,A,A,A,A,A,A,A,A,A,A,A,A,A,A,A,A,A,A,P,A,A,A,A,A
222,222,432330,eBMS348,Eumedonia eumedon,Eumedonia-eumedon-description,111,Albert Vliegenthart,P,P,P,P,A,P,P,P,A,P,P,A,P,P,A,P,P,A,P,P,P,A,A,P,P,P,A,P,P,P,P,A,A,P,P,P,A,A,P,P,P,P,P,P,A,P
223,223,432331,eBMS349,Kretania psylorita,Kretania-psylorita-description,,,A,A,A,A,A,A,A,A,A,A,A,A,A,A,A,A,A,A,P,A,A,A,A,A,A,A,A,A,A,A,A,A,A,A,A,A,A,A,A,A,A,A,A,A,A,A
224,224,432332,eBMS350,Kretania hesperica,Kretania-hesperica-description,,,A,A,A,A,A,A,A,A,A,A,A,A,A,P,A,A,A,A,A,A,A,A,A,A,A,A,A,A,A,A,A,A,A,A,A,A,A,A,A,A,A,A,A,A,A,A
225,225,432333,eBMS351,Kretania eurypilus,Kretania-eurypilus-description,,,A,A,A,A,A,A,A,A,A,A,A,A,A,A,A,A,A,A,P,A,A,A,A,A,A,A,A,A,A,A,A,A,A,A,A,A,A,A,A,A,P,A,A,A,A,A
226,226,432334,eBMS352,Kretania trappi,Kretania-trappi-description,,,A,A,A,A,A,A,A,P,A,A,A,A,A,A,A,A,A,A,A,A,A,A,A,P,A,A,A,A,A,A,A,A,A,A,A,A,A,A,A,A,A,A,A,A,A,A
227,227,432335,eBMS353,Kretania sephirus,Kretania-sephirus-description,110,Kars Veling,A,P,A,A,A,P,A,A,A,A,A,A,A,A,A,A,A,A,P,A,P,A,A,A,A,A,A,A,P,P,P,A,A,A,A,A,A,A,P,P,P,A,A,A,P,P
228,228,432336,eBMS354,Kretania pylaon,Kretania-pylaon-description,,,A,A,A,A,A,A,A,A,A,A,A,A,A,A,A,A,A,A,A,A,A,A,A,A,A,A,A,A,A,A,A,A,A,A,A,A,A,A,A,A,P,A,A,A,A,P
229,229,432337,eBMS355,Cyaniris semiargus,Cyaniris-semiargus-description,116,Chris Van Swaay,P,P,P,P,P,P,P,P,A,P,P,P,P,P,A,P,P,Ex,P,P,P,A,A,P,P,P,P,P,P,P,P,A,P,P,P,P,A,A,P,P,P,P,P,P,P,P
230,230,432338,eBMS356,Glabroculus cyane,Glabroculus-cyane-description,,,A,A,A,A,A,A,A,A,A,A,A,A,A,A,A,A,A,A,A,A,A,A,A,A,A,A,A,A,A,A,A,A,A,A,A,A,A,A,A,A,P,A,A,A,A,A
231,231,432339,eBMS357,Aricia morronensis,Aricia-morronensis-description,,,P,A,A,A,A,A,A,A,A,A,A,A,A,P,A,A,P,A,A,A,A,A,A,A,A,A,A,A,A,A,A,A,A,A,A,A,A,A,A,A,A,A,A,A,A,A
232,232,432340,eBMS358,Aricia anteros,Aricia-anteros-description,115,Rudi Verovnik,A,P,A,P,A,P,A,A,A,A,A,A,A,A,A,A,A,A,P,P,A,A,A,A,A,A,A,A,A,P,P,A,A,A,A,A,A,A,Ex,P,A,A,A,A,P,P
233,233,432341,eBMS359,Aricia cramera,Aricia-cramera-description,112,Albert Vliegenthart,A,A,A,A,A,A,A,A,A,A,A,A,A,P,P,A,A,A,A,A,A,A,A,P,A,A,A,A,A,A,A,A,A,A,A,P,A,A,A,A,A,A,A,A,A,A
234,234,432342,eBMS360,Aricia nicias,Aricia-nicias-description,,,P,A,A,A,A,A,A,P,A,A,A,A,A,P,A,P,P,A,A,A,A,A,A,P,A,A,A,A,A,A,A,A,A,P,A,A,A,A,A,A,P,P,A,A,A,A
235,235,432343,eBMS361,Aricia artaxerxes,Aricia-artaxerxes-description,114,Albert Vliegenthart,A,P,P,P,A,P,P,P,A,P,P,P,P,A,A,P,P,P,P,P,P,A,A,P,P,P,A,P,A,P,P,A,A,P,P,A,A,A,P,P,P,P,P,P,A,P
236,236,432344,eBMS362,Aricia montensis,Aricia-montensis-description,,,P,A,A,A,A,A,A,A,A,A,A,A,A,P,A,A,A,A,A,A,A,A,A,A,A,A,A,A,A,A,A,A,A,A,A,P,A,A,A,A,A,A,A,A,A,A
237,237,432345,eBMS363,Aricia agestis,Aricia-agestis-description,113,Chris Van Swaay,A,P,P,P,P,P,P,P,P,P,P,P,A,P,A,A,P,P,P,P,P,A,A,P,A,P,P,A,P,P,P,P,P,A,P,A,A,A,P,P,P,P,P,P,P,P
238,238,432346,eBMS364,Neolysandra coelestina,Neolysandra-coelestina-description,,,A,A,A,A,A,A,A,A,A,A,A,A,A,A,A,A,A,A,P,A,A,A,A,A,A,A,A,A,A,A,A,A,A,A,A,A,A,A,A,A,P,A,A,A,A,P
239,239,432347,eBMS365,Lysandra hispana,Lysandra-hispana-description,125,Kars Veling,A,A,A,A,A,A,A,A,A,A,A,A,A,P,A,A,P,A,A,A,A,A,A,P,A,A,A,A,A,A,A,A,A,A,A,A,A,A,A,A,A,A,A,A,A,A
240,240,432348,eBMS366,Lysandra corydonius,Lysandra-corydonius-description,,,A,A,A,A,A,A,A,A,A,A,A,A,A,A,A,A,A,A,A,A,A,A,A,A,A,A,A,A,A,A,A,A,A,A,A,A,A,A,A,A,P,A,A,A,A,A
241,241,432349,eBMS367,Lysandra bellargus,Lysandra-bellargus-description,,,P,P,P,P,P,P,P,P,A,P,P,A,I,P,A,A,P,P,P,P,P,A,A,P,P,I,P,A,P,P,P,A,A,A,P,P,A,A,P,P,P,A,P,P,P,P
242,242,432350,eBMS368,Lysandra coridon,Lysandra-coridon-description,124,Kars Veling,P,P,P,P,P,P,P,P,A,P,P,A,A,P,A,A,P,P,P,P,P,A,A,P,P,P,P,A,P,P,P,A,I,A,P,A,A,A,P,P,P,A,P,P,P,P
243,243,432351,eBMS369,Lysandra caelestissima,Lysandra-caelestissima-description,,,A,A,A,A,A,A,A,A,A,A,A,A,A,P,A,A,A,A,A,A,A,A,A,A,A,A,A,A,A,A,A,A,A,A,A,A,A,A,A,A,A,A,A,A,A,A
244,244,432352,eBMS370,Lysandra albicans,Lysandra-albicans-description,126,Kars Veling,A,A,A,A,A,A,A,A,A,A,A,A,A,P,A,A,A,A,A,A,A,A,A,A,A,A,A,A,A,A,A,A,A,A,A,A,A,A,A,A,A,A,A,A,A,A
245,245,432353,eBMS371,Polyommatus escheri,Polyommatus-escheri-description,117,Chris Van Swaay,P,P,A,P,A,P,A,P,A,A,A,A,A,P,A,A,P,A,P,P,A,A,A,P,A,A,A,A,A,P,P,A,A,A,A,A,A,A,A,A,A,A,P,A,P,A
246,246,432717,eBMS372,Polyommatus thersites,Polyommatus-thersites-description,120,Albert Vliegenthart,P,P,P,P,Ex,P,A,P,A,P,P,A,A,P,A,A,P,A,P,P,P,A,A,P,A,A,A,A,P,P,P,P?,A,A,P,P,A,A,P,P,P,A,P,P,P,P
247,247,432355,eBMS373,Polyommatus daphnis,Polyommatus-daphnis-description,123,Albert Vliegenthart,A,P,P,P,A,P,P,P,A,P,P,A,A,P,A,A,P,A,P,P,P,A,A,P,A,P,A,A,P,P,P,A,A,A,P,A,A,A,P,P,P,A,P,P,P,P
248,248,432356,eBMS374,Polyommatus amandus,Polyommatus-amandus-description,119,Kars Veling,P,P,P,P,A,P,P,P,A,P,P,P,P,P,A,P,P,A,P,P,P,A,A,P,A,P,A,P,P,P,P,A,A,P,P,A,A,A,P,P,P,P,P,P,P,P
249,249,432357,eBMS375,Polyommatus golgus,Polyommatus-golgus-description,,,A,A,A,A,A,A,A,A,A,A,A,A,A,P,A,A,A,A,A,A,A,A,A,A,A,A,A,A,A,A,A,A,A,A,A,A,A,A,A,A,A,A,A,A,A,A
250,250,432358,eBMS376,Polyommatus nivescens,Polyommatus-nivescens-description,,,A,A,A,A,A,A,A,A,A,A,A,A,A,P,A,A,A,A,A,A,A,A,A,A,A,A,A,A,A,A,A,A,A,A,A,A,A,A,A,A,A,A,A,A,A,A
251,251,432359,eBMS377,Polyommatus dorylas,Polyommatus-dorylas-description,118,Chris Van Swaay,P,P,P,P,Ex,P,P,P,A,P,P,A,A,P,A,A,P,A,P,P,P,A,A,P,A,P,I,A,A,P,P,A,A,A,P,A,A,A,P,P,P,P,P,P,A,P
252,252,432360,eBMS378,Polyommatus celina,Polyommatus-celina-description,,,A,A,A,A,A,A,A,A,A,A,A,A,A,P,P,A,A,A,A,A,A,A,A,P,A,A,A,A,A,A,A,P,A,A,A,P,A,A,A,A,A,A,A,A,A,A
253,253,432361,eBMS379,Polyommatus icarus,Polyommatus-icarus-description,121,Martin Wiemers,P,P,P,P,P,P,P,P,P,P,P,P,P,P,A,P,P,P,P,P,P,P,A,P,P,P,P,P,P,P,P,A,P,P,P,P,A,A,P,P,P,P,P,P,P,P
254,254,432362,eBMS380,Polyommatus eros,Polyommatus-eros-description,122,Albert Vliegenthart,P,P,P,P,A,P,P,P,A,Ex,P,A,A,P,A,A,P,A,P,P,A,A,A,P,P,A,A,A,A,P,P,A,A,A,P,A,A,A,A,P,P,A,A,P,A,P
255,255,432363,eBMS381,Polyommatus damon,Polyommatus-damon-description,130,Albert Vliegenthart,P,P,P,P,A,P,A,P,A,P,P,A,A,P,A,A,P,A,P,P,Ex,A,A,P,P,A,A,P,A,P,P,A,A,A,Ex,A,A,A,Ex,P,P,A,A,Ex,A,P
256,256,432364,eBMS382,Polyommatus damone,Polyommatus-damone-description,,,A,A,A,A,A,A,A,A,A,A,A,A,A,A,A,A,A,A,A,A,A,A,A,A,A,A,A,A,A,A,A,A,A,A,A,A,A,A,A,A,P,A,A,A,A,P
257,257,432365,eBMS383,Polyommatus damocles,Polyommatus-damocles-description,,,A,A,A,A,A,A,A,A,A,A,A,A,A,A,A,A,A,A,A,A,A,A,A,A,A,A,A,A,A,A,A,A,A,A,A,A,A,A,A,A,P,A,A,A,A,P
258,258,432366,eBMS384,Polyommatus admetus,Polyommatus-admetus-description,127,Chris Van Swaay,A,P,Ex,P,A,P,A,A,A,A,A,A,A,A,A,A,A,A,P,P,P,A,A,A,A,A,A,A,A,P,P,A,A,A,A,A,A,A,P,P,A,A,A,P,P,A
259,259,432718,eBMS385,Polyommatus ripartii,Polyommatus-ripartii-description,128,Chris Van Swaay,A,P,A,P,A,P,A,A,A,A,A,A,A,P,A,A,P,A,P,P,A,A,A,P,A,A,A,A,A,A,P,A,A,A,P,A,A,A,P?,P,P,A,A,A,P,P
260,260,432368,eBMS386,Polyommatus nephohiptamenos,Polyommatus-nephohiptamenos-description,,,A,A,A,A,A,P,A,A,A,A,A,A,A,A,A,A,A,A,P,A,A,A,A,A,A,A,A,A,A,A,A,A,A,A,A,A,A,A,A,A,A,A,A,A,A,A
261,261,432369,eBMS387,Polyommatus iphigenia,Polyommatus-iphigenia-description,,,A,A,A,A,A,A,A,A,A,A,A,A,A,A,A,A,A,A,P,A,A,A,A,A,A,A,A,A,A,A,A,A,A,A,A,A,A,A,A,A,A,A,A,A,A,A
262,262,432370,eBMS388,Polyommatus violetae,Polyommatus-violetae-description,,,A,A,A,A,A,A,A,A,A,A,A,A,A,P,A,A,A,A,A,A,A,A,A,A,A,A,A,A,A,A,A,A,A,A,A,A,A,A,A,A,A,A,A,A,A,A
263,263,432371,eBMS389,Polyommatus fulgens,Polyommatus-fulgens-description,,,A,A,A,A,A,A,A,A,A,A,A,A,A,P,A,A,A,A,A,A,A,A,A,A,A,A,A,A,A,A,A,A,A,A,A,A,A,A,A,A,A,A,A,A,A,A
264,264,432372,eBMS390,Polyommatus fabressei,Polyommatus-fabressei-description,,,A,A,A,A,A,A,A,A,A,A,A,A,A,P,A,A,A,A,A,A,A,A,A,A,A,A,A,A,A,A,A,A,A,A,A,A,A,A,A,A,A,A,A,A,A,A
265,265,432373,eBMS391,Polyommatus dolus,Polyommatus-dolus-description,129,Kars Veling,A,A,A,A,A,A,A,A,A,A,A,A,A,A,A,A,P,A,A,A,A,A,A,P,A,A,A,A,A,A,A,A,A,A,A,A,A,A,A,A,A,A,A,A,A,A
266,266,432374,eBMS392,Polyommatus humedasae,Polyommatus-humedasae-description,,,A,A,A,A,A,A,A,A,A,A,A,A,A,A,A,A,A,A,A,A,A,A,A,P,A,A,A,A,A,A,A,A,A,A,A,A,A,A,A,A,A,A,A,A,A,A
267,267,432375,eBMS393,Polyommatus timfristos,Polyommatus-timfristos-description,,,A,A,A,A,A,A,A,A,A,A,A,A,A,A,A,A,A,A,P,A,A,A,A,A,A,A,A,A,A,A,A,A,A,A,A,A,A,A,A,A,A,A,A,A,A,A
268,268,432376,eBMS394,Polyommatus orphicus,Polyommatus-orphicus-description,,,A,A,A,A,A,P,A,A,A,A,A,A,A,A,A,A,A,A,P,A,A,A,A,A,A,A,A,A,A,A,P,A,A,A,A,A,A,A,A,A,A,A,A,A,A,A
269,269,432377,eBMS395,Polyommatus aroaniensis,Polyommatus-aroaniensis-description,,,A,A,A,P,A,P,A,A,A,A,A,A,A,A,A,A,A,A,P,A,A,A,A,A,A,A,A,A,A,A,P,A,A,A,A,A,A,A,A,A,A,A,A,A,A,A
270,270,432378,eBMS396,Neptis sappho,Neptis-sappho-description,171,Chris Van Swaay,A,A,P,P,A,P,P,A,A,Ex,A,A,A,A,A,A,A,A,P,P,P,A,A,P,A,A,A,A,P,P,P,A,A,A,Ex,A,A,A,P,P,P,A,P,P,A,P
271,271,432719,eBMS397,Neptis rivularis,Neptis-rivularis-description,172,Chris Van Swaay,A,P,P,P,A,P,P,P,A,P,A,A,A,A,A,A,Ex,A,P,P,P,A,A,P,A,A,A,A,P?,P,P,A,A,A,P,A,A,A,P,P,P,A,P,P,A,P
272,272,432720,eBMS398,Limenitis reducta,Limenitis-reducta-description,,,P,P,P,P,A,P,A,P,P,Ex,P,A,A,P,A,A,P,A,P,P,P,A,A,P,A,A,A,A,P?,P,P,A,A,A,A,P,A,A,P,P,P,A,P,P,P,P
273,273,432381,eBMS399,Limenitis populi,Limenitis-populi-description,169,Rudi Verovnik,A,A,P,P,P,P,P,P,A,P,P,Ex,P,A,A,P,P,A,P,P,P,A,A,P,A,P,P,P,A,P,P,A,Ex,P,P,A,A,A,P,P,P,P,P,P,A,P
274,274,432382,eBMS400,Limenitis camilla,Limenitis-camilla-description,170,Chris Van Swaay,P,A,P,P,P,P,P,P,A,P,P,P,P,P,A,P,P,P,P,P,P,A,A,P,P,P,P,P,P,P,P,A,P,A,P,P,A,A,P,P,P,I,P,P,P,P
275,275,432383,eBMS401,Issoria lathonia,Issoria-lathonia-description,138,Martin Wiemers,P,P,P,P,P,P,P,P,I,P,P,P,P,P,I,P,P,I,P,P,P,A,A,P,M,P,P,P,P,P,P,A,P,P,P,P,A,P,P,P,P,P,P,P,P,P
276,276,432384,eBMS402,Issoria eugenia,Issoria-eugenia-description,,,A,A,A,A,A,A,A,A,A,A,A,A,A,A,A,A,A,A,A,A,A,A,A,A,A,A,A,A,A,A,A,A,A,A,A,A,A,A,A,A,P,A,A,A,A,A
277,277,432385,eBMS403,Brenthis hecate,Brenthis-hecate-description,141,Rudi Verovnik,A,P,P,P,A,P,A,A,A,P,A,A,A,P,A,A,P,A,P,P,P,A,A,P,A,P,A,A,A,P,P,A,A,A,A,P,A,A,P,P,P,A,P,P,P,P
278,278,432386,eBMS404,Brenthis ino,Brenthis-ino-description,139,Chris Van Swaay,P,P,P,P,P,P,P,P,A,P,P,P,P,P,A,P,P,A,A,P,P,A,A,P,P,P,P,P,P,P,P,A,Ex,P,P,P,A,A,P,P,P,P,P,P,A,P
279,279,432387,eBMS405,Brenthis daphne,Brenthis-daphne-description,140,Kars Veling,P,P,P,P,P,P,P,P,A,P,P,A,A,P,A,A,P,A,P,P,P,A,A,P,A,P,P,P,P,P,P,A,I,A,P,P,A,A,P,P,P,A,P,P,P,P
280,280,432388,eBMS406,Argynnis paphia,Argynnis-paphia-description,133,Kars Veling,P,P,P,P,P,P,P,P,A,P,P,P,P,P,A,P,P,P,P,P,P,P,A,P,P,P,P,P,P,P,P,A,P,P,P,P,A,A,P,P,P,P,P,P,P,P
281,281,432389,eBMS407,Argynnis pandora,Argynnis-pandora-description,134,Chris Van Swaay,P,P,I,P,A,P,A,P,P,I,A,A,A,P,P,A,P,A,P,P,P,A,A,P,A,A,A,A,P,P,P,A,A,A,I,P,A,A,P,P,P,A,P,I,P,P
282,282,432390,eBMS408,Argynnis laodice,Argynnis-laodice-description,137,Chris Van Swaay,A,A,A,A,A,A,P,A,A,A,P,I,P,A,A,P,A,A,A,A,P,A,A,A,A,P,A,P,A,A,A,A,A,A,P,A,A,A,P,A,P,I,A,P,A,P
283,283,432391,eBMS409,Speyeria aglaja,Speyeria-aglaja-description,135,Albert Vliegenthart,P,P,P,P,P,P,P,P,A,P,P,P,P,P,A,P,P,P,P,P,P,P,A,P,P,P,P,P,P,P,P,A,P,P,P,P,A,A,P,P,P,P,P,P,P,P
284,284,432392,eBMS410,Fabriciana elisa,Fabriciana-elisa-description,,,A,A,A,A,A,A,A,A,A,A,A,A,A,A,A,A,P,A,A,A,A,A,A,P,A,A,A,A,A,A,A,A,A,A,A,A,A,A,A,A,A,A,A,A,A,A
285,285,432393,eBMS411,Fabriciana niobe,Fabriciana-niobe-description,136,Albert Vliegenthart,P,P,P,P,Ex,P,P,P,A,P,P,P,P,P,A,P,P,A,P,P,P,A,A,P,P,P,I,P,P,P,P,A,P,P,P,P,A,A,P,P,P,P,P,P,P,P
286,286,432394,eBMS412,Fabriciana adippe,Fabriciana-adippe-description,,,P,P,P,P,P,P,P,P,A,P,P,P,P,P,A,P,P,P,P,P,P,A,A,P,P,P,P,P,P,P,P,A,I,P,P,P,A,A,P,P,P,P,P,P,P,P
287,287,432395,eBMS413,Boloria eunomia,Boloria-eunomia-description,142,Chris Van Swaay,P,A,P,A,P,P,P,A,A,P,P,A,P,P,A,P,P,A,A,A,A,A,A,P,A,P,P,P,A,A,A,A,A,P,P,A,A,A,A,P,P,P,A,Ex,A,P
288,288,432396,eBMS414,Boloria graeca,Boloria-graeca-description,148,Kars Veling,A,P,A,P,A,P,A,A,A,A,A,A,A,A,A,A,P,A,P,A,A,A,A,P,A,A,A,A,A,P,P,A,A,A,A,A,A,A,A,P,A,A,A,A,A,A
289,289,432397,eBMS415,Boloria pales,Boloria-pales-description,147,Kars Veling,P,P,P,P,A,P,A,P,A,A,P,A,A,P,A,A,P,A,A,A,A,A,A,P,P,A,A,A,A,P,P,A,A,A,P,A,A,A,P,P,A,A,P,P,A,A
290,290,432398,eBMS416,Boloria alaskensis,Boloria-alaskensis-description,,,A,A,A,A,A,A,A,A,A,A,A,A,A,A,A,A,A,A,A,A,A,A,A,A,A,A,A,A,A,A,A,A,A,A,A,A,A,A,A,A,P,A,A,A,A,A
291,291,432399,eBMS417,Boloria napaea,Boloria-napaea-description,,,A,A,P,A,A,A,A,P,A,A,P,A,A,P,A,P,P,A,A,A,A,A,A,P,P,A,A,A,A,A,A,A,A,P,A,A,A,A,A,A,P,P,A,A,A,A
292,292,432400,eBMS418,Boloria aquilonaris,Boloria-aquilonaris-description,,,A,A,P,A,P,A,P,P,A,P,P,P,P,A,A,P,P,A,A,A,A,A,A,A,A,P,A,P,A,A,A,A,P,P,P,A,A,A,P,A,P,P,A,P,A,P
293,293,432401,eBMS419,Boloria tritonia,Boloria-tritonia-description,,,A,A,A,A,A,A,A,A,A,A,A,A,A,A,A,A,A,A,A,A,A,A,A,A,A,A,A,A,A,A,A,A,A,A,A,A,A,A,A,A,P,A,A,A,A,A
294,294,432402,eBMS420,Boloria polaris,Boloria-polaris-description,,,A,A,A,A,A,A,A,A,A,A,A,A,A,A,A,P,A,A,A,A,A,A,A,A,A,A,A,A,A,A,A,A,A,P,A,A,A,A,A,A,P,P,A,A,A,A
295,295,432721,eBMS421,Boloria thore,Boloria-thore-description,146,Rudi Verovnik,A,A,P,A,A,A,P,P,A,A,P,A,A,A,A,P,A,A,A,A,A,A,A,P,P,P?,A,A,A,A,A,A,A,P,A,A,A,A,A,A,P,P,P,A,A,A
296,296,432404,eBMS422,Boloria selene,Boloria-selene-description,145,Chris Van Swaay,P,A,P,P,P,P,P,P,A,P,P,P,P,P,A,P,P,P,P,P,P,A,A,P,P,P,P,P,A,A,A,A,P,P,P,P,A,A,P,P,P,P,P,P,A,P
297,297,432405,eBMS423,Boloria euphrosyne,Boloria-euphrosyne-description,143,Albert Vliegenthart,P,P,P,P,P,P,P,P,A,P,P,P,P,P,A,P,P,P,P,P,P,P,A,P,P,P,Ex,P,P,P,P,A,Ex,P,P,P,A,A,P,P,P,P,P,P,A,P
298,298,432406,eBMS424,Boloria dia,Boloria-dia-description,,,P,P,P,P,P,P,P,P,A,P,P,Ex,P,P,A,A,P,A,P,P,P,A,A,P,P,P,P,P,P,P,P,A,I,A,P,P,A,A,P,P,P,A,P,P,P,P
299,299,432407,eBMS425,Boloria improba,Boloria-improba-description,,,A,A,A,A,A,A,A,A,A,A,A,A,A,A,A,P,A,A,A,A,A,A,A,A,A,A,A,A,A,A,A,A,A,P,A,A,A,A,A,A,P,P,A,A,A,A
300,300,432408,eBMS426,Boloria frigga,Boloria-frigga-description,,,A,A,A,A,A,A,P,A,A,A,A,A,P,A,A,P,A,A,A,A,A,A,A,A,A,P,A,P,A,A,A,A,A,P,A,A,A,A,A,A,P,P,A,A,A,A
301,301,432409,eBMS427,Boloria freija,Boloria-freija-description,,,A,A,A,A,A,A,P,A,A,A,A,A,Ex,A,A,P,A,A,A,A,A,A,A,A,A,A,A,P,A,A,A,A,A,P,A,A,A,A,A,A,P,P,A,A,A,A
302,302,432410,eBMS428,Boloria selenis,Boloria-selenis-description,,,A,A,A,A,A,A,A,A,A,A,A,A,A,A,A,A,A,A,A,A,A,A,A,A,A,A,A,A,A,A,A,A,A,A,A,A,A,A,A,A,P,A,A,A,A,A
303,303,432411,eBMS429,Boloria oscarus,Boloria-oscarus-description,,,A,A,A,A,A,A,A,A,A,A,A,A,A,A,A,A,A,A,A,A,A,A,A,A,A,A,A,A,A,A,A,A,A,A,A,A,A,A,A,A,P,A,A,A,A,A
304,304,432412,eBMS430,Boloria titania,Boloria-titania-description,144,Albert Vliegenthart,A,P,P,P,A,A,A,P,A,A,P,A,P,A,A,P,P,A,A,P,A,A,A,P,P,A,A,P,A,P,A,A,A,A,Ex,A,A,A,P,P,P,A,P,A,A,Ex
305,305,432413,eBMS431,Boloria chariclea,Boloria-chariclea-description,,,A,A,A,A,A,A,A,A,A,A,A,A,A,A,A,P,A,A,A,A,A,A,A,A,A,A,A,A,A,A,A,A,A,P,A,A,A,A,A,A,P,P,A,A,A,A
306,306,432414,eBMS432,Boloria angarensis,Boloria-angarensis-description,,,A,A,A,A,A,A,A,A,A,A,A,A,A,A,A,A,A,A,A,A,A,A,A,A,A,A,A,A,A,A,A,A,A,A,A,A,A,A,A,A,P,A,A,A,A,A
307,307,432415,eBMS433,Apatura iris,Apatura-iris-description,176,Albert Vliegenthart,P,P,P,P,P,P,P,P,A,P,P,P,P,P,A,P,P,P,P,P,P,A,A,P,P,P,P,P,A,P,P,A,P,A,P,P,A,A,P,P,P,P,P,P,A,P
308,308,432416,eBMS434,Apatura metis,Apatura-metis-description,174,Albert Vliegenthart,A,P,P,P,A,P,A,A,A,A,A,A,A,A,A,A,A,A,P,P,P,A,A,A,A,A,A,A,P,P,A,A,A,A,A,A,A,A,P,P,P,A,A,P,P,P
309,309,432417,eBMS435,Apatura ilia,Apatura-ilia-description,175,Kars Veling,P,P,P,P,P,P,P,P,A,P,P,P,P,P,A,P,P,A,P,P,P,A,A,P,P,P,P,P,P,P,P,A,I,A,P,P,A,A,P,P,P,I,P,P,A,P
311,311,432418,eBMS436,Apatura ilia/iris,Apatura-ilia/iris-description,,,P,P,P,P,P,P,P,P,A,P,P,P,P,P,A,P,P,P,P,P,P,A,A,P,P,P,P,P,P,P,P,A,P,A,P,P,A,A,P,P,P,P,P,P,A,P
312,312,432420,eBMS437,Araschnia levana,Araschnia-levana-description,154,Chris Van Swaay,A,A,P,P,P,P,P,P,A,P,P,P,P,P,A,P,P,I,P,P,P,A,A,P,A,P,P,P,P,P,P,A,P,I,P,A,A,A,P,P,P,P,P,P,A,P
313,313,432421,eBMS438,Vanessa virginiensis,Vanessa-virginiensis-description,,,A,A,A,A,A,A,A,A,A,A,A,A,A,P,I,A,I,A,A,A,A,A,A,A,A,A,A,A,A,A,A,A,A,A,A,P,I,A,A,A,A,A,A,A,A,A
314,314,432422,eBMS439,Vanessa cardui,Vanessa-cardui-description,149,Albert Vliegenthart,M,M,M,M,M,M,M,M,M,M,M,M,M,P,P,M,M,M,M,M,M,M,M,M,M,M,M,M,M,M,M,M,M,M,M,P,P,P,M,M,M,M,M,M,M,M
315,315,432423,eBMS440,Vanessa vulcania,Vanessa-vulcania-description,,,A,A,A,A,A,A,A,A,A,A,A,A,A,A,P,A,A,A,A,A,A,A,A,A,A,A,A,A,A,A,A,A,A,A,A,A,A,P,A,A,A,A,A,A,A,A
316,316,432424,eBMS441,Vanessa atalanta,Vanessa-atalanta-description,,,M,P,P,P,P,P,M,M,P,M,M,M,M,P,P,M,P,P,P,P,M,P,M,P,M,P,M,P,P,P,M,P,M,M,M,P,P,P,P,P,P,M,P,P,P,P
317,317,432425,eBMS442,Aglais io,Aglais-io-description,,,P,P,P,P,P,P,P,P,A,P,P,P,P,P,A,P,P,P,P,P,P,P,I,P,P,P,P,P,P,P,P,I,P,P,P,P,A,A,P,P,P,P,P,P,P,P
318,318,432426,eBMS443,Aglais urticae,Aglais-urticae-description,150,Kars Veling,P,P,P,P,P,P,P,P,A,P,P,P,P,P,A,P,P,P,P,P,P,P,I,P,P,P,P,P,P,P,P,A,P,P,P,P,A,A,P,P,P,P,P,P,P,P
319,319,432427,eBMS444,Aglais ichnusa,Aglais-ichnusa-description,,,A,A,A,A,A,A,A,A,A,A,A,A,A,A,A,A,P,A,A,A,A,A,A,P,A,A,A,A,A,A,A,A,A,A,A,A,A,A,A,A,A,A,A,A,A,A
320,320,432428,eBMS445,Polygonia egea,Polygonia-egea-description,152,Albert Vliegenthart,A,P,A,P,A,P,A,I,A,I,A,A,A,A,A,A,P,A,P,P,A,A,A,P,A,A,A,A,A,P,P,I,A,A,A,A,A,A,Ex,I,P,A,P,A,P,A
321,321,432429,eBMS446,Polygonia c-album,Polygonia-c-album-description,151,Chris Van Swaay,P,P,P,P,P,P,P,P,A,P,P,P,P,P,A,P,P,P,P,P,P,P,A,P,P,P,P,P,P,P,P,A,P,P,P,P,A,A,P,P,P,P,P,P,P,P
322,322,432430,eBMS447,Nymphalis vaualbum,Nymphalis-vaualbum-description,,,A,A,P,P,A,P,I,A,A,Ex,A,I,Ex,A,A,I,A,A,A,P,I,A,A,A,A,A,A,P,A,I,I,A,A,A,I,A,A,A,P,P,P,I,Ex,Ex,A,P
323,323,432431,eBMS448,Nymphalis polychloros,Nymphalis-polychloros-description,153,Albert Vliegenthart,P,P,P,P,P,P,P,P,A,P,P,M,P,P,A,P,P,Ex,P,P,P,A,A,P,P,P,P,P,P,P,M,I,P,I,P,P,A,A,P,P,P,P,P,P,P,P
324,324,432432,eBMS449,Nymphalis xanthomelas,Nymphalis-xanthomelas-description,,,A,P,Ex,P,I,P,P,A,A,P,I,I,P,A,A,P,I,I,P,P,P,A,A,A,A,P,A,P,P,I,P,A,I,I,P,A,A,A,P,P,P,P,Ex,P,A,P
325,325,432433,eBMS450,Nymphalis antiopa,Nymphalis-antiopa-description,,,P,P,P,P,P,P,P,P,A,P,P,P,P,P,A,P,P,I,P,P,P,A,A,P,P,P,P,P,P,P,M,I,I,P,P,P,A,A,P,P,P,P,P,P,P,P
326,326,432434,eBMS451,Hypolimnas misippus,Hypolimnas-misippus-description,,,A,A,A,A,A,A,A,A,A,A,A,A,A,A,I,A,A,A,A,A,A,A,A,A,A,A,A,A,A,A,A,A,A,A,A,A,I,I,A,A,A,A,A,A,A,A
327,327,432435,eBMS452,Euphydryas desfontainii,Euphydryas-desfontainii-description,,,A,A,A,A,A,A,A,A,A,A,A,A,A,P,A,A,P,A,A,A,A,A,A,A,A,A,A,A,A,A,A,A,A,A,A,P,A,A,A,A,A,A,A,A,A,A
328,328,432436,eBMS453,Euphydryas aurinia,Euphydryas-aurinia-description,,,P,P,P,P,P,P,P,P,A,P,P,P,P,P,A,P,P,P,P,P,P,P,A,P,P,P,P,P,A,P,P,A,Ex,A,P,P,A,A,P,P,P,P,P,P,P,P
329,329,432437,eBMS454,Euphydryas cynthia,Euphydryas-cynthia-description,155,Albert Vliegenthart,A,A,P,A,A,P,A,P,A,A,P,A,A,A,A,A,P,A,A,A,A,A,A,P,P,A,A,A,A,A,A,A,A,A,A,A,A,A,A,A,A,A,A,A,A,A
330,330,432438,eBMS455,Euphydryas iduna,Euphydryas-iduna-description,,,A,A,A,A,A,A,A,A,A,A,A,A,A,A,A,P,A,A,A,A,A,A,A,A,A,A,A,A,A,A,A,A,A,P,A,A,A,A,A,A,P,P,A,A,A,A
331,331,432439,eBMS456,Euphydryas maturna,Euphydryas-maturna-description,157,Rudi Verovnik,A,P,P,P,Ex,P,P,A,A,P,P,Ex,P,A,A,P,P,A,A,P,P,A,A,P,A,P,I,P,P,P,P,A,A,A,P,A,A,A,P,P,P,P,P,P,A,P
332,332,432440,eBMS457,Euphydryas intermedia,Euphydryas-intermedia-description,156,Albert Vliegenthart,A,A,P,A,A,A,A,P,A,A,A,A,A,A,A,A,P,A,A,A,A,A,A,P,A,A,A,A,A,A,A,A,A,A,A,A,A,A,A,A,P,A,P,A,A,A
333,333,432441,eBMS458,Melitaea trivia,Melitaea-trivia-description,161,Chris Van Swaay,P,P,P,P,A,P,A,A,A,Ex,A,A,A,P,A,A,A,A,P,P,P,A,A,P,A,A,A,A,P,P,P,A,A,A,A,P,A,A,P,P,P,A,P,P,P,P
334,334,432442,eBMS459,Melitaea didyma,Melitaea-didyma-description,162,Chris Van Swaay,P,P,P,P,A,P,P,P,A,P,P,A,I,P,A,A,P,A,P,P,P,A,A,P,P,P,I,P,A,P,P,A,I,A,P,P,A,A,P,P,P,A,P,P,P,P
335,335,432443,eBMS460,Melitaea arduinna,Melitaea-arduinna-description,,,A,A,A,A,A,P,A,A,A,A,A,A,A,A,A,A,A,A,P,A,A,A,A,A,A,A,A,A,A,A,P,A,A,A,A,A,A,A,P,P,P,A,A,A,A,P
336,336,432444,eBMS461,Melitaea aetherie,Melitaea-aetherie-description,160,Albert Vliegenthart,A,A,A,A,A,A,A,A,A,A,A,A,A,P,A,A,A,A,A,A,A,A,A,P,A,A,A,A,A,A,A,A,A,A,A,P,A,A,A,A,A,A,A,A,A,A
337,337,432445,eBMS462,Melitaea phoebe,Melitaea-phoebe-description,159,Albert Vliegenthart,P,P,P,P,Ex,P,P,P,A,P,P,A,P,P,A,A,P,A,P,P,P,A,A,P,P,P,Ex,P,P,P,P,A,A,A,P,P,A,A,P,P,P,A,P,P,P,P
338,338,432446,eBMS463,Melitaea ornata,Melitaea-ornata-description,,,A,P,A,A,A,P,A,A,A,A,A,A,A,P,A,A,P,A,P,P,P,A,A,P,A,A,A,A,A,P,P,A,A,A,A,A,A,A,P,P,P,A,P,P,A,P
339,339,432447,eBMS464,Melitaea cinxia,Melitaea-cinxia-description,158,Chris Van Swaay,P,P,P,P,P,P,P,P,A,P,P,P,P,P,A,P,P,P,P,P,P,A,A,P,A,P,P,P,P,P,P,A,P,P,P,P,A,A,P,P,P,P,P,P,P,P
340,340,432448,eBMS465,Melitaea diamina,Melitaea-diamina-description,163,Albert Vliegenthart,P,P,P,P,P,P,P,P,A,P,P,Ex,P,P,A,P,P,A,A,P,P,A,A,P,P,P,P,P,P,P,P,A,Ex,P,P,A,A,A,P,P,P,P,P,P,A,P
341,341,432449,eBMS466,Melitaea celadussa,Melitaea-celadussa-description,,,P,A,A,A,A,A,A,P,A,A,A,A,A,P,A,A,P,A,A,A,A,A,A,P,A,A,A,A,A,A,A,A,A,A,A,P,A,A,A,A,A,A,A,A,A,A
342,342,432450,eBMS467,Melitaea deione,Melitaea-deione-description,164,Martin Wiemers,P,A,A,A,A,A,A,P,A,A,A,A,A,P,A,A,P,A,A,A,A,A,A,P,A,A,A,A,A,A,A,A,A,A,A,P,A,A,A,A,A,A,A,A,A,A
343,343,432451,eBMS468,Melitaea britomartis,Melitaea-britomartis-description,167,Albert Vliegenthart,A,A,P,P,A,P,P,P,A,P,P,A,A,A,A,A,A,A,A,P,P,A,A,P,A,P,A,A,A,A,A,A,A,A,P,A,A,A,P,A,P,P,P,P,A,P
344,344,432452,eBMS469,Melitaea athalia,Melitaea-athalia-description,168,Chris Van Swaay,A,P,P,P,P,P,P,P,A,P,P,P,P,A,A,P,P,P,P,P,P,A,A,P,P,P,P,P,P,P,P,A,P,P,P,A,A,A,P,P,P,P,P,P,P,P
345,345,432453,eBMS470,Melitaea varia,Melitaea-varia-description,165,Kars Veling,A,A,P,A,A,A,A,P,A,A,A,A,A,A,A,A,P,A,A,A,A,A,A,P,A,A,A,A,A,A,A,A,A,A,A,A,A,A,A,A,A,A,A,A,A,A
346,346,432454,eBMS471,Melitaea parthenoides,Melitaea-parthenoides-description,,,P,A,P,A,A,A,A,P,A,A,P,A,A,P,A,A,P,A,A,A,A,A,A,P,A,A,A,A,A,A,A,A,A,A,A,P,A,A,A,A,A,A,A,A,A,A
347,347,432455,eBMS472,Melitaea aurelia,Melitaea-aurelia-description,166,Martin Wiemers,A,P,P,P,P,P,P,P,A,P,P,A,P,A,A,A,P,A,P,P,P,A,A,P,P,P,P,P,P,P,P,A,I,A,P,A,A,A,P,P,P,A,P,P,A,P
348,348,432456,eBMS473,Melitaea asteria,Melitaea-asteria-description,,,A,A,P,A,A,A,A,P,A,A,A,A,A,A,A,A,A,A,A,A,A,A,A,P,A,A,A,A,A,A,A,A,A,A,A,A,A,A,A,A,A,A,A,A,A,A
349,349,432457,eBMS474,Libythea celtis,Libythea-celtis-description,132,Chris Van Swaay,M,P,P,P,A,P,A,P,P,A,A,A,A,P,A,A,P,A,P,P,P,A,A,P,A,A,A,A,A,P,P,A,A,A,A,P,A,A,P,P,P,A,P,P,P,P
350,350,432458,eBMS475,Danaus plexippus,Danaus-plexippus-description,,,A,A,A,A,A,A,A,A,A,A,A,I,A,P,P,A,I,I,A,A,A,A,A,A,A,A,A,A,A,A,A,A,I,A,A,I,P,P,A,A,A,I,A,A,A,A
351,351,432459,eBMS476,Danaus chrysippus,Danaus-chrysippus-description,238,Kars Veling,A,M,A,I,A,A,A,A,M,A,A,A,A,P,P,A,P,A,M,M,A,A,A,P,A,A,A,A,A,I,A,M,A,A,A,A,A,A,A,A,A,A,A,A,A,I
352,352,432460,eBMS477,Charaxes jasius,Charaxes-jasius-description,173,Chris Van Swaay,A,P,A,P,A,A,A,A,P,A,A,A,A,P,A,A,P,A,P,P,A,A,A,P,A,A,A,A,A,P,A,A,A,A,A,P,A,A,A,A,A,A,A,A,A,A
353,353,432461,eBMS478,Coenonympha phryne,Coenonympha-phryne-description,,,A,A,A,A,A,A,A,A,A,A,A,A,A,A,A,A,A,A,A,A,A,A,A,A,A,A,A,A,A,A,A,A,A,A,A,A,A,A,A,A,P,A,A,A,A,P
354,354,432462,eBMS479,Coenonympha oedippus,Coenonympha-oedippus-description,182,Kars Veling,A,A,P,A,A,Ex,P,P,A,A,P,A,A,A,A,A,P,A,A,P,P,A,A,P,P,A,A,A,A,A,A,A,A,A,P,A,A,A,A,A,P,A,P,Ex,A,P
355,355,432463,eBMS480,Coenonympha dorus,Coenonympha-dorus-description,187,Albert Vliegenthart,P,A,A,A,A,A,A,Ex,A,A,A,A,A,P,A,A,P,A,A,A,A,A,A,P,A,A,A,A,A,A,A,A,A,A,A,P,A,A,A,A,A,A,A,A,A,A
356,356,432464,eBMS481,Coenonympha thyrsis,Coenonympha-thyrsis-description,,,A,A,A,A,A,A,A,A,A,A,A,A,A,A,A,A,A,A,P,A,A,A,A,A,A,A,A,A,A,A,A,A,A,A,A,A,A,A,A,A,A,A,A,A,A,A
357,357,432465,eBMS482,Coenonympha pamphilus,Coenonympha-pamphilus-description,190,Albert Vliegenthart,P,P,P,P,P,P,P,P,A,P,P,P,P,P,A,P,P,P,P,P,P,P,A,P,P,P,P,P,P,P,P,P,P,P,P,P,A,A,P,P,P,P,P,P,P,P
358,358,432466,eBMS483,Coenonympha tullia,Coenonympha-tullia-description,181,Chris Van Swaay,A,A,P,P,P,A,P,P,A,P,P,P,P,A,A,P,P,P,A,A,Ex,P,A,A,A,P,A,P,A,A,A,A,P,P,P,A,A,A,P,A,P,P,P,P,A,P
359,359,432467,eBMS484,Coenonympha rhodopensis,Coenonympha-rhodopensis-description,183,Kars Veling,A,P,A,P,A,P,A,A,A,A,A,A,A,A,A,A,A,A,P,P,A,A,A,P,A,A,A,A,A,P,P,A,A,A,A,A,A,A,P,P,A,A,A,A,A,A
360,360,432468,eBMS485,Coenonympha amaryllis,Coenonympha-amaryllis-description,,,A,A,A,A,A,A,A,A,A,A,A,A,A,A,A,A,A,A,A,A,A,A,A,A,A,A,A,A,A,A,A,A,A,A,A,A,A,A,A,A,P,A,A,A,A,A
361,361,432722,eBMS486,Coenonympha glycerion,Coenonympha-glycerion-description,185,Kars Veling,P,P?,P,P,Ex,P,P,P,A,P,P,A,P,P,A,P,P,A,P,P,P,A,A,P,P,P,I,P,P,P,P,A,A,A,P,P,A,A,P,P,P,A,P,P,A,P
362,362,432470,eBMS487,Coenonympha corinna,Coenonympha-corinna-description,,,A,A,A,A,A,A,A,A,A,A,A,A,A,A,A,A,P,A,A,A,A,A,A,P,A,A,A,A,A,A,A,A,A,A,A,A,A,A,A,A,A,A,A,A,A,A
363,363,432471,eBMS488,Coenonympha leander,Coenonympha-leander-description,189,Chris Van Swaay,A,P,A,A,A,P,A,A,A,A,A,A,A,A,A,A,A,A,P,A,A,A,A,A,A,A,A,A,A,A,P,A,A,A,A,A,A,A,P,P,P,A,A,A,A,P
364,364,432472,eBMS489,Coenonympha hero,Coenonympha-hero-description,188,Kars Veling,A,A,P,A,Ex,A,P,P,A,Ex,P,Ex,P,A,A,I,P,A,A,A,A,A,A,A,A,P,I,P,A,A,A,A,Ex,P,P,A,A,A,A,A,P,P,A,P,A,P
365,365,432473,eBMS490,Coenonympha gardetta,Coenonympha-gardetta-description,186,Albert Vliegenthart,A,A,P,A,A,A,A,P,A,A,P,A,A,A,A,A,P,A,A,A,A,A,A,P,P,A,A,A,A,A,A,A,A,A,A,A,A,A,A,A,A,A,P,A,A,A
366,366,432474,eBMS491,Coenonympha orientalis,Coenonympha-orientalis-description,,,A,P,A,P,A,A,A,A,A,A,A,A,A,A,A,A,A,A,P,A,A,A,A,A,A,A,A,A,A,P,A,A,A,A,A,A,A,A,A,P,A,A,A,A,A,A
367,367,432475,eBMS492,Coenonympha arcania,Coenonympha-arcania-description,184,Albert Vliegenthart,P,P,P,P,P,P,P,P,A,P,P,Ex,P,P,A,A,P,A,P,P,P,A,A,P,A,P,P,P,P,P,P,A,Ex,P,P,P,A,A,P,P,P,P,P,P,P,P
368,368,432476,eBMS493,Kirinia roxelana,Kirinia-roxelana-description,,,A,P,A,P,A,P,A,A,P,A,A,A,A,A,A,A,A,A,P,P,A,A,A,A,A,A,A,A,A,P,P,A,A,A,A,A,A,A,P,P,A,A,A,A,P,A
369,369,432723,eBMS494,Kirinia climene,Kirinia-climene-description,,,A,P,A,A,A,P,A,A,A,A,A,A,A,A,A,A,A,A,P,A,A,A,A,A,A,A,A,A,P?,A,P,A,A,A,A,A,A,A,Ex,P,P,A,A,A,A,P
370,370,432724,eBMS495,Lopinga achine,Lopinga-achine-description,,,A,A,P,Ex,Ex,P,P,P,A,P,P,A,P,P,A,P,P,A,A,P,P,A,A,P,A,P,I,P,P?,A,A,A,I,A,P,A,A,A,P,P,P,P,P,P,A,P
371,371,432479,eBMS496,Pararge xiphia,Pararge-xiphia-description,,,A,A,A,A,A,A,A,A,A,A,A,A,A,A,A,A,A,A,A,A,A,A,A,A,A,A,A,A,A,A,A,A,A,A,A,A,A,P,A,A,A,A,A,A,A,A
372,372,432480,eBMS497,Pararge xiphioides,Pararge-xiphioides-description,,,A,A,A,A,A,A,A,A,A,A,A,A,A,A,P,A,A,A,A,A,A,A,A,A,A,A,A,A,A,A,A,A,A,A,A,A,A,A,A,A,A,A,A,A,A,A
373,373,432481,eBMS498,Pararge aegeria,Pararge-aegeria-description,177,Chris Van Swaay,P,P,P,P,P,P,P,P,P,P,P,P,P,P,A,P,P,P,P,P,P,P,A,P,P,P,P,P,P,P,P,P,P,P,P,P,A,P,P,P,P,P,P,P,P,P
374,374,432482,eBMS499,Lasiommata maera,Lasiommata-maera-description,180,Rudi Verovnik,P,P,P,P,P,P,P,P,P,P,P,I,P,P,A,P,P,A,P,P,P,A,A,P,P,P,P,P,P,P,P,A,I,P,P,P,A,A,P,P,P,P,P,P,P,P
375,375,432483,eBMS500,Lasiommata deidamia,Lasiommata-deidamia-description,,,A,A,A,A,A,A,A,A,A,A,A,A,A,A,A,A,A,A,A,A,A,A,A,A,A,A,A,A,A,A,A,A,A,A,A,A,A,A,A,A,P,A,A,A,A,A
376,376,432484,eBMS501,Lasiommata petropolitana,Lasiommata-petropolitana-description,179,Albert Vliegenthart,A,P,P,P,A,P,P,P,A,Ex,P,I,P,P,A,P,P,A,P,P,A,A,A,P,P,P,A,P,A,P,P,A,A,P,P,A,A,A,A,P,P,P,P,P,A,P
377,377,432485,eBMS502,Lasiommata paramegaera,Lasiommata-paramegaera-description,,,A,A,A,A,A,A,A,A,A,A,A,A,A,A,A,A,P,A,A,A,A,A,A,P,A,A,A,A,A,A,A,A,A,A,A,A,A,A,A,A,A,A,A,A,A,A
378,378,432486,eBMS503,Lasiommata megera,Lasiommata-megera-description,178,Chris Van Swaay,P,P,P,P,P,P,P,P,P,P,P,P,A,P,A,P,P,P,P,P,P,P,A,P,P,P,P,P,P,P,P,P,P,P,P,P,A,A,P,P,P,P,P,P,P,P
379,379,432487,eBMS504,Melanargia russiae,Melanargia-russiae-description,216,Albert Vliegenthart,P,P,A,A,A,A,A,A,A,A,A,A,A,P,A,A,P,A,P,A,Ex,A,A,P,A,A,A,A,P,A,P,A,A,A,A,P,A,A,A,A,P,A,A,A,A,P
380,380,432488,eBMS505,Melanargia larissa,Melanargia-larissa-description,218,Albert Vliegenthart,A,P,A,P,A,P,A,A,A,A,A,A,A,A,A,A,A,A,P,P,A,A,A,A,A,A,A,A,A,P,P,A,A,A,A,A,A,A,P,P,A,A,A,A,P,A
381,381,432489,eBMS506,Melanargia lachesis,Melanargia-lachesis-description,217,Kars Veling,P,A,A,A,A,A,A,A,A,A,A,A,A,P,A,A,P,A,A,A,A,A,A,A,A,A,A,A,A,A,A,A,A,A,A,P,A,A,A,A,A,A,A,A,A,A
382,382,432490,eBMS507,Melanargia galathea,Melanargia-galathea-description,,,A,P,P,P,P,P,P,P,A,P,P,I,I,P,A,A,P,P,P,P,P,A,A,P,P,P,P,P,P,P,P,A,I,A,P,A,A,A,P,P,P,I,P,P,P,P
383,383,432491,eBMS508,Melanargia ines,Melanargia-ines-description,220,Albert Vliegenthart,A,A,A,A,A,A,A,A,A,A,A,A,A,P,A,A,A,A,A,A,A,A,A,A,A,A,A,A,A,A,A,A,A,A,A,P,A,A,A,A,A,A,A,A,A,A
384,384,432492,eBMS509,Melanargia arge,Melanargia-arge-description,,,A,A,A,A,A,A,A,A,A,A,A,A,A,A,A,A,A,A,A,A,A,A,A,P,A,A,A,A,A,A,A,A,A,A,A,A,A,A,A,A,A,A,A,A,A,A
385,385,432493,eBMS510,Melanargia pherusa,Melanargia-pherusa-description,,,A,A,A,A,A,A,A,A,A,A,A,A,A,A,A,A,A,A,A,A,A,A,A,P,A,A,A,A,A,A,A,A,A,A,A,A,A,A,A,A,A,A,A,A,A,A
386,386,432494,eBMS511,Melanargia occitanica,Melanargia-occitanica-description,219,Martin Wiemers,A,A,A,A,A,A,A,A,A,A,A,A,A,P,A,A,P,A,A,A,A,A,A,P,A,A,A,A,A,A,A,A,A,A,A,P,A,A,A,A,A,A,A,A,A,A
387,387,432725,eBMS512,Hipparchia fatua,Hipparchia-fatua-description,230,Kars Veling,A,P,A,A,A,P,A,A,A,A,A,A,A,A,A,A,A,A,P,A,A,A,A,A,A,A,A,A,A,P?,P,A,A,A,A,A,A,A,A,A,A,A,A,A,P,A
388,388,432496,eBMS513,Hipparchia statilinus,Hipparchia-statilinus-description,229,Albert Vliegenthart,P,P,P,P,Ex,P,P,P,A,Ex,P,A,A,P,A,A,P,A,P,P,P,A,A,P,A,P,A,A,P,P,P,A,P,A,P,P,A,A,P,P,P,A,P,P,P,P
389,389,432510,eBMS527,Hipparchia azorina,Hipparchia-azorina-description,,,A,A,A,A,A,A,A,A,A,A,A,A,A,A,A,A,A,A,A,A,A,A,A,A,A,A,A,A,A,A,A,A,A,A,A,A,P,A,A,A,A,A,A,A,A,A
390,390,432511,eBMS528,Hipparchia senthes,Hipparchia-senthes-description,,,A,P,A,A,A,P,A,A,A,A,A,A,A,A,A,A,A,A,P,A,A,A,A,A,A,A,A,A,A,A,P,A,A,A,A,A,A,A,A,A,A,A,A,A,P,A
391,391,432512,eBMS529,Hipparchia maderensis,Hipparchia-maderensis-description,,,A,A,A,A,A,A,A,A,A,A,A,A,A,A,A,A,A,A,A,A,A,A,A,A,A,A,A,A,A,A,A,A,A,A,A,A,A,P,A,A,A,A,A,A,A,A
392,392,432727,eBMS530,Hipparchia semele,Hipparchia-semele-description,227,Chris Van Swaay,P,P,P,P,P,P,P,P,A,P,P,P,P,P,A,P,P,P,A,P,P,P,A,P,P,P,P,P,A,P?,A,A,P,P,P,P,A,A,P,P,P,P,P,P,A,P
393,393,432514,eBMS531,Hipparchia blachieri,Hipparchia-blachieri-description,,,A,A,A,A,A,A,A,A,A,A,A,A,A,A,A,A,A,A,A,A,A,A,A,P,A,A,A,A,A,A,A,I,A,A,A,A,A,A,A,A,A,A,A,A,A,A
394,394,432515,eBMS532,Hipparchia aristaeus,Hipparchia-aristaeus-description,,,A,A,A,A,A,A,A,A,A,A,A,A,A,A,A,A,P,A,A,A,A,A,A,P,A,A,A,A,A,A,A,A,A,A,A,A,A,A,A,A,A,A,A,A,A,A
395,395,432516,eBMS533,Hipparchia volgensis,Hipparchia-volgensis-description,228,Albert Vliegenthart,A,P,A,A,A,P,A,A,A,A,A,A,A,A,A,A,A,A,P,A,A,A,A,A,A,A,A,A,A,P,P,A,A,A,A,A,A,A,P,P,P,A,A,A,P,P
396,396,432517,eBMS534,Hipparchia neapolitana,Hipparchia-neapolitana-description,,,A,A,A,A,A,A,A,A,A,A,A,A,A,A,A,A,A,A,A,A,A,A,A,P,A,A,A,A,A,A,A,A,A,A,A,A,A,A,A,A,A,A,A,A,A,A
397,397,432518,eBMS535,Hipparchia leighebi,Hipparchia-leighebi-description,,,A,A,A,A,A,A,A,A,A,A,A,A,A,A,A,A,A,A,A,A,A,A,A,P,A,A,A,A,A,A,A,A,A,A,A,A,A,A,A,A,A,A,A,A,A,A
398,398,432519,eBMS536,Hipparchia pellucida,Hipparchia-pellucida-description,,,A,A,A,A,A,A,A,A,A,A,A,A,A,A,A,A,A,A,A,A,A,A,A,A,A,A,A,A,A,A,A,A,A,A,A,A,A,A,A,A,P,A,A,A,A,P
399,399,432520,eBMS537,Hipparchia sbordonii,Hipparchia-sbordonii-description,,,A,A,A,A,A,A,A,A,A,A,A,A,A,A,A,A,A,A,A,A,A,A,A,P,A,A,A,A,A,A,A,A,A,A,A,A,A,A,A,A,A,A,A,A,A,A
400,400,432521,eBMS538,Hipparchia cypriensis,Hipparchia-cypriensis-description,,,A,A,A,A,A,A,A,A,P,A,A,A,A,A,A,A,A,A,A,A,A,A,A,A,A,A,A,A,A,A,A,A,A,A,A,A,A,A,A,A,A,A,A,A,A,A
401,401,432522,eBMS539,Hipparchia cretica,Hipparchia-cretica-description,,,A,A,A,A,A,A,A,A,A,A,A,A,A,A,A,A,A,A,P,A,A,A,A,A,A,A,A,A,A,A,A,A,A,A,A,A,A,A,A,A,A,A,A,A,A,A
402,402,432523,eBMS540,Hipparchia christenseni,Hipparchia-christenseni-description,,,A,A,A,A,A,A,A,A,A,A,A,A,A,A,A,A,A,A,P,A,A,A,A,A,A,A,A,A,A,A,A,A,A,A,A,A,A,A,A,A,A,A,A,A,A,A
403,403,432524,eBMS541,Minois dryas,Minois-dryas-description,223,Martin Wiemers,A,P,P,P,A,P,P,P,A,P,P,A,A,P,A,A,P,A,P,P,P,A,A,P,P,A,A,A,P,P,P,A,A,A,P,A,A,A,P,P,P,A,P,P,P,P
404,404,432525,eBMS542,Brintesia circe,Brintesia-circe-description,233,Chris Van Swaay,P,P,P,P,A,P,A,P,A,P,P,A,A,P,A,A,P,A,P,P,P,A,A,P,A,A,I,A,P,P,P,A,A,A,I,P,A,A,P,P,P,A,P,P,P,P
405,405,432526,eBMS543,Arethusana arethusa,Arethusana-arethusa-description,232,Chris Van Swaay,P,P,P,P,I,P,A,Ex,A,P,Ex,A,A,P,A,A,P,A,P,P,P,A,A,P,A,A,A,A,P,P,P,A,I,A,A,P,A,A,P,P,P,A,P,P,P,P
406,406,432527,eBMS544,Oeneis tarpeia,Oeneis-tarpeia-description,,,A,A,A,A,A,A,A,A,A,A,A,A,A,A,A,A,A,A,A,A,A,A,A,A,A,A,A,A,A,A,A,A,A,A,A,A,A,A,A,A,P,A,A,A,A,Ex
407,407,432528,eBMS545,Oeneis bore,Oeneis-bore-description,,,A,A,A,A,A,A,A,A,A,A,A,A,A,A,A,P,A,A,A,A,A,A,A,A,A,A,A,A,A,A,A,A,A,P,A,A,A,A,A,A,P,P,A,A,A,A
408,408,432529,eBMS546,Oeneis ammon,Oeneis-ammon-description,,,A,A,A,A,A,A,A,A,A,A,A,A,A,A,A,A,A,A,A,A,A,A,A,A,A,A,A,A,A,A,A,A,A,A,A,A,A,A,A,A,P,A,A,A,A,A
409,409,432530,eBMS547,Oeneis melissa,Oeneis-melissa-description,,,A,A,A,A,A,A,A,A,A,A,A,A,A,A,A,A,A,A,A,A,A,A,A,A,A,A,A,A,A,A,A,A,A,A,A,A,A,A,A,A,P,A,A,A,A,A
410,410,432531,eBMS548,Oeneis magna,Oeneis-magna-description,,,A,A,A,A,A,A,A,A,A,A,A,A,A,A,A,A,A,A,A,A,A,A,A,A,A,A,A,A,A,A,A,A,A,A,A,A,A,A,A,A,P,A,A,A,A,A
411,411,432532,eBMS549,Oeneis jutta,Oeneis-jutta-description,237,Chris Van Swaay,A,A,A,A,A,A,P,A,A,A,A,A,P,A,A,P,A,A,A,A,A,A,A,A,A,P,A,P,A,A,A,A,A,P,P,A,A,A,A,A,P,P,A,A,A,P
412,412,432533,eBMS550,Oeneis norna,Oeneis-norna-description,,,A,A,A,A,A,A,A,A,A,A,A,A,A,A,A,P,A,A,A,A,A,A,A,A,A,A,A,A,A,A,A,A,A,P,A,A,A,A,A,A,P,P,A,A,A,A
413,413,432534,eBMS551,Oeneis polixenes,Oeneis-polixenes-description,,,A,A,A,A,A,A,A,A,A,A,A,A,A,A,A,A,A,A,A,A,A,A,A,A,A,A,A,A,A,A,A,A,A,A,A,A,A,A,A,A,P,A,A,A,A,A
414,414,432535,eBMS552,Oeneis glacialis,Oeneis-glacialis-description,236,Kars Veling,A,A,P,A,A,A,A,P,A,A,P,A,A,A,A,A,P,A,A,A,A,A,A,P,P,A,A,A,A,A,A,A,A,A,A,A,A,A,A,A,A,A,A,A,A,A
415,415,432536,eBMS553,Satyrus ferula,Satyrus-ferula-description,221,Chris Van Swaay,A,P,A,P,A,P,A,P,A,A,A,A,A,P,A,A,P,A,P,P,A,A,A,P,A,A,A,A,A,P,P,A,A,A,A,A,A,A,P,P,P,A,P,A,A,A
416,416,432537,eBMS554,Satyrus virbius,Satyrus-virbius-description,,,A,A,A,A,A,A,A,A,A,A,A,A,A,A,A,A,A,A,A,A,A,A,A,A,A,A,A,A,A,A,A,A,A,A,A,A,A,A,A,A,P,A,A,A,A,P
417,417,432538,eBMS555,Satyrus actaea,Satyrus-actaea-description,222,Albert Vliegenthart,P,A,A,A,A,A,A,A,A,A,A,A,A,P,A,A,P,A,A,A,A,A,A,P,A,A,A,A,A,A,A,A,A,A,A,P,A,A,A,A,A,A,A,A,A,A
418,418,432539,eBMS556,Chazara briseis,Chazara-briseis-description,234,Albert Vliegenthart,P,P,P,P,Ex,P,A,P,P,P,P,A,A,P,A,A,P,A,P,P,P,A,A,A,A,A,I,A,P,P,P,A,A,A,Ex,A,A,A,P,P,P,A,Ex,P,P,P
419,419,432540,eBMS557,Chazara prieuri,Chazara-prieuri-description,,,A,A,A,A,A,A,A,A,A,A,A,A,A,P,A,A,A,A,A,A,A,A,A,A,A,A,A,A,A,A,A,A,A,A,A,A,A,A,A,A,A,A,A,A,A,A
420,420,432541,eBMS558,Chazara persephone,Chazara-persephone-description,,,A,A,A,A,A,A,A,A,I,A,A,A,A,A,A,A,A,A,A,A,A,A,A,A,A,A,A,A,A,A,A,A,A,A,A,A,A,A,A,A,P,A,A,A,A,P
421,421,432542,eBMS559,Pseudochazara geyeri,Pseudochazara-geyeri-description,,,A,P,A,A,A,A,A,A,A,A,A,A,A,A,A,A,A,A,P,A,A,A,A,A,A,A,A,A,A,A,P,A,A,A,A,A,A,A,A,A,A,A,A,A,A,A
422,422,432543,eBMS560,Pseudochazara graeca,Pseudochazara-graeca-description,,,A,A,A,A,A,A,A,A,A,A,A,A,A,A,A,A,A,A,P,A,A,A,A,A,A,A,A,A,A,A,A,A,A,A,A,A,A,A,A,A,A,A,A,A,A,A
423,423,432544,eBMS561,Pseudochazara amymone,Pseudochazara-amymone-description,,,A,P,A,A,A,A,A,A,A,A,A,A,A,A,A,A,A,A,P,A,A,A,A,A,A,A,A,A,A,A,A,A,A,A,A,A,A,A,A,A,A,A,A,A,A,A
424,424,432545,eBMS562,Pseudochazara anthelea,Pseudochazara-anthelea-description,235,Albert Vliegenthart,A,A,A,A,A,A,A,A,P,A,A,A,A,A,A,A,A,A,P,A,A,A,A,A,A,A,A,A,A,A,A,A,A,A,A,A,A,A,A,A,A,A,A,A,A,A
425,425,432546,eBMS563,Pseudochazara amalthea,Pseudochazara-amalthea-description,,,A,P,A,P,A,P,A,A,A,A,A,A,A,A,A,A,A,A,P,P,A,A,A,A,A,A,A,A,A,A,P,A,A,A,A,A,A,A,A,A,A,A,A,A,A,A
426,426,432547,eBMS564,Pseudochazara williamsi,Pseudochazara-williamsi-description,,,A,A,A,A,A,A,A,A,A,A,A,A,A,P,A,A,A,A,A,A,A,A,A,A,A,A,A,A,A,A,A,A,A,A,A,A,A,A,A,A,A,A,A,A,A,A
427,427,432548,eBMS565,Pseudochazara euxina,Pseudochazara-euxina-description,,,A,A,A,A,A,A,A,A,A,A,A,A,A,A,A,A,A,A,A,A,A,A,A,A,A,A,A,A,A,A,A,A,A,A,A,A,A,A,A,A,A,A,A,A,A,P
428,428,432549,eBMS566,Pseudochazara mercurius,Pseudochazara-mercurius-description,,,A,A,A,A,A,A,A,A,A,A,A,A,A,A,A,A,A,A,A,A,A,A,A,A,A,A,A,A,A,A,A,A,A,A,A,A,A,A,A,A,P,A,A,A,A,A
429,429,432550,eBMS567,Pseudochazara cingovskii,Pseudochazara-cingovskii-description,,,A,A,A,A,A,A,A,A,A,A,A,A,A,A,A,A,A,A,A,A,A,A,A,A,A,A,A,A,A,A,P,A,A,A,A,A,A,A,A,A,A,A,A,A,A,A
430,430,432551,eBMS568,Pseudochazara tisiphone,Pseudochazara-tisiphone-description,,,A,P,A,A,A,A,A,A,A,A,A,A,A,A,A,A,A,A,P,A,A,A,A,A,A,A,A,A,A,A,A,A,A,A,A,A,A,A,A,A,A,A,A,A,A,A
431,431,432552,eBMS569,Pseudochazara orestes,Pseudochazara-orestes-description,,,A,A,A,A,A,P,A,A,A,A,A,A,A,A,A,A,A,A,P,A,A,A,A,A,A,A,A,A,A,A,A,A,A,A,A,A,A,A,A,A,A,A,A,A,A,A
432,432,432553,eBMS570,Ypthima asterope,Ypthima-asterope-description,,,A,A,A,A,A,A,A,A,P,A,A,A,A,A,A,A,A,A,P,A,A,A,A,A,A,A,A,A,A,A,A,A,A,A,A,A,A,A,A,A,A,A,A,A,A,A
433,433,432554,eBMS571,Proterebia phegea,Proterebia-phegea-description,,,A,A,A,P,A,A,A,A,A,A,A,A,A,A,A,A,A,A,P,P,A,A,A,A,A,A,A,A,A,A,A,A,A,A,A,A,A,A,A,A,P,A,A,A,A,P
434,434,432555,eBMS572,Hyponephele huebneri,Hyponephele-huebneri-description,,,A,A,A,A,A,A,A,A,A,A,A,A,A,A,A,A,A,A,A,A,A,A,A,A,A,A,A,A,A,A,A,A,A,A,A,A,A,A,A,A,P,A,A,A,A,A
435,435,432556,eBMS573,Hyponephele lycaon,Hyponephele-lycaon-description,195,Albert Vliegenthart,P,P,P,P,A,P,P,P,A,P,P,A,P,P,A,P,P,A,P,P,Ex,A,A,P,A,P,A,P,P,P,P,A,A,A,P,P,A,A,P,P,P,A,Ex,P,A,P
436,436,432728,eBMS574,Hyponephele lupina,Hyponephele-lupina-description,196,Kars Veling,A,P,A,P,A,P,A,A,P,Ex,A,A,A,P,A,A,P,A,P,P,P,A,A,P,A,A,A,A,A,P?,P,A,A,A,A,P,A,A,P,P,P,A,A,P,P,P
437,437,432558,eBMS575,Aphantopus hyperantus,Aphantopus-hyperantus-description,,,P,P,P,P,P,P,P,P,A,P,P,P,P,P,A,P,P,P,P,P,P,P,A,P,P,P,P,P,P,P,P,A,P,P,P,A,A,A,P,P,P,P,P,P,A,P
438,438,432729,eBMS576,Pyronia cecilia,Pyronia-cecilia-description,192,Kars Veling,A,P,A,A,A,A,A,A,A,A,A,A,A,P,A,A,P,A,P,P,A,A,A,P,A,A,A,A,A,P?,A,A,A,A,A,P,A,A,A,A,A,A,A,A,P,A
439,439,432560,eBMS577,Pyronia tithonus,Pyronia-tithonus-description,191,Albert Vliegenthart,P,P,A,P,P,P,A,P,A,Ex,P,Ex,A,P,A,A,P,P,P,P,P,P,A,P,A,A,P,A,A,P,P,A,P,A,P,P,A,A,P,P,A,A,P,Ex,P,Ex
440,440,432561,eBMS578,Pyronia bathseba,Pyronia-bathseba-description,193,Albert Vliegenthart,A,A,A,A,A,A,A,A,A,A,A,A,A,P,A,A,P,A,A,A,A,A,A,A,A,A,A,A,A,A,A,A,A,A,A,P,A,A,A,A,A,A,A,A,A,A
441,441,432562,eBMS579,Maniola jurtina,Maniola-jurtina-description,194,Albert Vliegenthart,P,P,P,P,P,P,P,P,A,P,P,P,P,P,P,P,P,P,P,P,P,P,A,P,P,P,P,P,P,P,P,P,P,P,P,P,A,A,P,P,P,P,P,P,P,P
442,442,432563,eBMS580,Maniola nurag,Maniola-nurag-description,,,A,A,A,A,A,A,A,A,A,A,A,A,A,A,A,A,A,A,A,A,A,A,A,P,A,A,A,A,A,A,A,A,A,A,A,A,A,A,A,A,A,A,A,A,A,A
443,443,432564,eBMS581,Maniola chia,Maniola-chia-description,,,A,A,A,A,A,A,A,A,A,A,A,A,A,A,A,A,A,A,P,A,A,A,A,A,A,A,A,A,A,A,A,A,A,A,A,A,A,A,A,A,A,A,A,A,A,A
444,444,432565,eBMS582,Maniola megala,Maniola-megala-description,,,A,A,A,A,A,A,A,A,A,A,A,A,A,A,A,A,A,A,P,A,A,A,A,A,A,A,A,A,A,A,A,A,A,A,A,A,A,A,A,A,A,A,A,A,A,A
445,445,432566,eBMS583,Maniola cypricola,Maniola-cypricola-description,,,A,A,A,A,A,A,A,A,P,A,A,A,A,A,A,A,A,A,A,A,A,A,A,A,A,A,A,A,A,A,A,A,A,A,A,A,A,A,A,A,A,A,A,A,A,A
446,446,432567,eBMS584,Maniola telmessia,Maniola-telmessia-description,,,A,A,A,A,A,A,A,A,A,A,A,A,A,A,A,A,A,A,P,A,A,A,A,A,A,A,A,A,A,A,A,A,A,A,A,A,A,A,A,A,A,A,A,A,A,A
447,447,432568,eBMS585,Maniola halicarnassus,Maniola-halicarnassus-description,,,A,A,A,A,A,A,A,A,A,A,A,A,A,A,A,A,A,A,P,A,A,A,A,A,A,A,A,A,A,A,A,A,A,A,A,A,A,A,A,A,A,A,A,A,A,A
448,448,432569,eBMS586,Erebia edda,Erebia-edda-description,,,A,A,A,A,A,A,A,A,A,A,A,A,A,A,A,A,A,A,A,A,A,A,A,A,A,A,A,A,A,A,A,A,A,A,A,A,A,A,A,A,P,A,A,A,A,A
449,449,432570,eBMS587,Erebia fasciata,Erebia-fasciata-description,,,A,A,A,A,A,A,A,A,A,A,A,A,A,A,A,A,A,A,A,A,A,A,A,A,A,A,A,A,A,A,A,A,A,A,A,A,A,A,A,A,P,A,A,A,A,A
450,450,432571,eBMS588,Erebia discoidalis,Erebia-discoidalis-description,,,A,A,A,A,A,A,A,A,A,A,A,A,A,A,A,A,A,A,A,A,A,A,A,A,A,A,A,A,A,A,A,A,A,A,A,A,A,A,A,A,P,A,A,A,A,A
451,451,432572,eBMS589,Erebia rossii,Erebia-rossii-description,,,A,A,A,A,A,A,A,A,A,A,A,A,A,A,A,A,A,A,A,A,A,A,A,A,A,A,A,A,A,A,A,A,A,A,A,A,A,A,A,A,P,A,A,A,A,A
452,452,432573,eBMS590,Erebia cyclopius,Erebia-cyclopius-description,,,A,A,A,A,A,A,A,A,A,A,A,A,A,A,A,A,A,A,A,A,A,A,A,A,A,A,A,A,A,A,A,A,A,A,A,A,A,A,A,A,P,A,A,A,A,A
453,453,432574,eBMS591,Erebia embla,Erebia-embla-description,,,A,A,A,A,A,A,A,A,A,A,A,A,P,A,A,P,A,A,A,A,A,A,A,A,A,A,A,P,A,A,A,A,A,P,A,A,A,A,A,A,P,P,A,A,A,A
454,454,432575,eBMS592,Erebia disa,Erebia-disa-description,,,A,A,A,A,A,A,A,A,A,A,A,A,A,A,A,P,A,A,A,A,A,A,A,A,A,A,A,A,A,A,A,A,A,P,A,A,A,A,A,A,P,P,A,A,A,A
455,455,432576,eBMS593,Erebia meolans,Erebia-meolans-description,214,Kars Veling,P,A,P,A,A,A,A,P,A,A,P,A,A,P,A,A,P,A,A,A,A,A,A,P,P,A,A,A,A,A,A,A,A,A,A,A,A,A,A,A,A,A,A,A,A,A
456,456,432577,eBMS594,Erebia dabanensis,Erebia-dabanensis-description,,,A,A,A,A,A,A,A,A,A,A,A,A,A,A,A,A,A,A,A,A,A,A,A,A,A,A,A,A,A,A,A,A,A,A,A,A,A,A,A,A,P,A,A,A,A,A
457,457,432578,eBMS595,Erebia jeniseiensis,Erebia-jeniseiensis-description,,,A,A,A,A,A,A,A,A,A,A,A,A,A,A,A,A,A,A,A,A,A,A,A,A,A,A,A,A,A,A,A,A,A,A,A,A,A,A,A,A,P,A,A,A,A,A
458,458,432579,eBMS596,Erebia claudina,Erebia-claudina-description,,,A,A,P,A,A,A,A,A,A,A,A,A,A,A,A,A,A,A,A,A,A,A,A,P,A,A,A,A,A,A,A,A,A,A,A,A,A,A,A,A,A,A,A,A,A,A
459,459,432730,eBMS597,Erebia manto,Erebia-manto-description,,,A,A,P,P,A,A,A,P,A,A,P,A,A,P,A,A,P,A,A,A,A,A,A,P,P,A,A,A,A,P?,A,A,A,A,P,A,A,A,P,A,A,A,P,P,A,P
460,460,432581,eBMS598,Erebia ottomana,Erebia-ottomana-description,208,Kars Veling,A,P,A,P,A,P,A,A,A,A,A,A,A,A,A,A,P,A,P,P,A,A,A,P,A,A,A,A,A,P,P,A,A,A,A,A,A,A,A,P,A,A,A,A,A,A
461,461,432582,eBMS599,Erebia hispania,Erebia-hispania-description,,,A,A,A,A,A,A,A,A,A,A,A,A,A,P,A,A,P,A,A,A,A,A,A,A,A,A,A,A,A,A,A,A,A,A,A,A,A,A,A,A,A,A,A,A,A,A
462,462,432583,eBMS600,Erebia rondoui,Erebia-rondoui-description,,,A,A,A,A,A,A,A,A,A,A,A,A,A,P,A,A,P,A,A,A,A,A,A,A,A,A,A,A,A,A,A,A,A,A,A,A,A,A,A,A,A,A,A,A,A,A
463,463,432584,eBMS601,Erebia callias,Erebia-callias-description,,,A,A,A,A,A,A,A,A,A,A,A,A,A,A,A,A,A,A,A,A,A,A,A,A,A,A,A,A,A,A,A,A,A,A,A,A,A,A,A,A,P,A,A,A,A,A
464,464,432585,eBMS602,Erebia tyndarus,Erebia-tyndarus-description,209,Kars Veling,A,A,P,A,A,A,A,P,A,A,P,A,A,A,A,A,P,A,A,A,A,A,A,P,P,A,A,A,A,A,A,A,A,A,A,A,A,A,A,A,A,A,A,A,A,A
465,465,432586,eBMS603,Erebia cassioides,Erebia-cassioides-description,210,Kars Veling,A,A,P,A,A,A,A,A,A,A,A,A,A,A,A,A,A,A,A,A,A,A,A,P,A,A,A,A,A,A,A,A,A,A,A,A,A,A,A,A,A,A,A,A,A,A
466,466,432587,eBMS604,Erebia nivalis,Erebia-nivalis-description,,,A,A,P,A,A,A,A,P,A,A,A,A,A,A,A,A,A,A,A,A,A,A,A,P,A,A,A,A,A,A,A,A,A,A,A,A,A,A,A,A,A,A,A,A,A,A
467,467,432588,eBMS605,Erebia neleus,Erebia-neleus-description,,,A,P,A,P,A,P,A,A,A,A,A,A,A,A,A,A,A,A,P,A,A,A,A,A,A,A,A,A,A,P,P,A,A,A,A,A,A,A,P,P,A,A,A,A,A,A
468,468,432589,eBMS606,Erebia calcarius,Erebia-calcarius-description,,,A,A,P,A,A,A,A,A,A,A,A,A,A,A,A,A,A,A,A,A,A,A,A,P,A,A,A,A,A,A,A,A,A,A,A,A,A,A,A,A,A,A,P,A,A,A
469,469,432590,eBMS607,Erebia arvernensis,Erebia-arvernensis-description,,,P,A,A,A,A,A,A,P,A,A,A,A,A,P,A,A,P,A,A,A,A,A,A,P,A,A,A,A,A,A,A,A,A,A,A,A,A,A,A,A,A,A,A,A,A,A
470,470,432591,eBMS608,Erebia oeme,Erebia-oeme-description,213,Rudi Verovnik,P,P,P,P,A,P,A,P,A,A,P,A,A,P,A,A,P,A,P,P,A,A,A,P,P,A,A,A,A,P,P,A,A,A,A,A,A,A,P,P,A,A,P,A,A,A
471,471,432592,eBMS609,Erebia gorge,Erebia-gorge-description,206,Kars Veling,P,P,P,P,A,P,A,P,A,A,P,A,A,P,A,A,P,A,A,P,A,A,A,P,P,A,A,A,A,P,P,A,A,A,P,A,A,A,P,P,A,A,P,P,A,A
472,472,432593,eBMS610,Erebia sthennyo,Erebia-sthennyo-description,,,A,A,A,A,A,A,A,A,A,A,A,A,A,P,A,A,P,A,A,A,A,A,A,A,A,A,A,A,A,A,A,A,A,A,A,A,A,A,A,A,A,A,A,A,A,A
473,473,432594,eBMS611,Erebia pandrose,Erebia-pandrose-description,215,Rudi Verovnik,P,P,P,P,A,P,A,P,A,A,P,A,A,P,A,P,P,A,A,A,A,A,A,P,P,A,A,A,A,P,P,A,A,P,P,A,A,A,P,P,P,P,P,P,A,A
474,474,432595,eBMS612,Erebia eriphyle,Erebia-eriphyle-description,,,A,A,P,A,A,A,A,P,A,A,P,A,A,A,A,A,A,A,A,A,A,A,A,P,P,A,A,A,A,A,A,A,A,A,A,A,A,A,A,A,A,A,A,A,A,A
475,475,432596,eBMS613,Erebia epistygne,Erebia-epistygne-description,,,A,A,A,A,A,A,A,A,A,A,A,A,A,P,A,A,P,A,A,A,A,A,A,A,A,A,A,A,A,A,A,A,A,A,A,A,A,A,A,A,A,A,A,A,A,A
476,476,432597,eBMS614,Erebia euryale,Erebia-euryale-description,198,Rudi Verovnik,P,P,P,P,A,P,A,P,A,P,P,A,A,P,A,I,P,A,P,P,A,A,A,P,P,A,A,A,A,P,P,A,A,A,P,A,A,A,P,P,P,A,P,P,A,P
477,477,432598,eBMS615,Erebia palarica,Erebia-palarica-description,,,A,A,A,A,A,A,A,A,A,A,A,A,A,P,A,A,A,A,A,A,A,A,A,A,A,A,A,A,A,A,A,A,A,A,A,A,A,A,A,A,A,A,A,A,A,A
478,478,432599,eBMS616,Erebia ligea,Erebia-ligea-description,197,Martin Wiemers,A,P,P,P,P,P,P,P,A,P,P,I,P,A,A,P,P,A,P,P,Ex,A,A,P,P,P,A,P,A,P,P,A,I,P,P,A,A,A,P,P,P,P,P,P,A,P
479,479,432600,eBMS617,Erebia pluto,Erebia-pluto-description,205,Kars Veling,A,A,P,A,A,A,A,P,A,A,P,A,A,A,A,A,P,A,A,A,A,A,A,P,P,A,A,A,A,A,A,A,A,A,A,A,A,A,A,A,A,A,P,A,A,A
480,480,432601,eBMS618,Erebia aethiopellus,Erebia-aethiopellus-description,,,A,A,A,A,A,A,A,A,A,A,A,A,A,A,A,A,P,A,A,A,A,A,A,P,A,A,A,A,A,A,A,A,A,A,A,A,A,A,A,A,A,A,A,A,A,A
481,481,432602,eBMS619,Erebia gorgone,Erebia-gorgone-description,,,P,A,A,A,A,A,A,A,A,A,A,A,A,P,A,A,P,A,A,A,A,A,A,A,A,A,A,A,A,A,A,A,A,A,A,A,A,A,A,A,A,A,A,A,A,A
482,482,432603,eBMS620,Erebia rhodopensis,Erebia-rhodopensis-description,,,A,P,A,A,A,P,A,A,A,A,A,A,A,A,A,A,A,A,P,A,A,A,A,A,A,A,A,A,A,P,P,A,A,A,A,A,A,A,A,P,A,A,A,A,A,A
483,483,432604,eBMS621,Erebia mnestra,Erebia-mnestra-description,207,Martin Wiemers,A,A,P,A,A,A,A,P,A,A,A,A,A,A,A,A,P,A,A,A,A,A,A,P,P,A,A,A,A,A,A,A,A,A,A,A,A,A,A,A,A,A,A,A,A,A
484,484,432605,eBMS622,Erebia albergana,Erebia-albergana-description,204,Kars Veling,A,A,P,A,A,P,A,P,A,A,A,A,A,A,A,A,P,A,A,A,A,A,A,P,A,A,A,A,A,P,P,A,A,A,A,A,A,A,A,P,A,A,A,A,A,A
485,485,432606,eBMS623,Erebia sudetica,Erebia-sudetica-description,,,A,A,A,A,A,A,A,P,A,P,A,A,A,A,A,A,P,A,A,A,A,A,A,A,A,A,A,A,A,A,A,A,A,A,Ex,A,A,A,P,A,A,A,A,A,A,A
486,486,432607,eBMS624,Erebia melampus,Erebia-melampus-description,201,Martin Wiemers,A,A,P,A,A,A,A,P,A,A,P,A,A,A,A,A,P,A,A,A,A,A,A,P,P,A,A,A,A,A,A,A,A,A,A,A,A,A,A,A,A,A,A,A,A,A
487,487,432608,eBMS625,Erebia triarius,Erebia-triarius-description,,,P,P,P,P,A,A,A,P,A,A,A,A,A,P,A,A,P,A,A,P,A,A,A,P,A,A,A,A,A,P,P,A,A,A,A,P,A,A,A,A,A,A,A,A,A,A
488,488,432609,eBMS626,Erebia polaris,Erebia-polaris-description,,,A,A,A,A,A,A,A,A,A,A,A,A,A,A,A,P,A,A,A,A,A,A,A,A,A,A,A,A,A,A,A,A,A,P,A,A,A,A,A,A,P,A,A,A,A,A
489,489,432610,eBMS627,Erebia medusa,Erebia-medusa-description,203,Chris Van Swaay,A,P,P,P,P,P,Ex,P,A,P,P,A,A,A,A,A,P,A,P,P,P,A,A,P,P,A,P,A,P,P,P,A,I,A,P,A,A,A,P,P,P,A,P,P,P,P
490,490,432611,eBMS628,Erebia aethiops,Erebia-aethiops-description,202,Kars Veling,A,P,P,P,P,P,P,P,A,P,P,A,A,A,A,A,P,P,P,P,P,A,A,P,P,P,I,P,A,P,P,A,I,A,P,A,A,A,P,P,P,A,P,P,A,P
491,491,432612,eBMS629,Erebia pharte,Erebia-pharte-description,200,Kars Veling,A,A,P,A,A,A,A,P,A,A,P,A,A,A,A,A,P,A,A,A,A,A,A,P,P,A,A,A,A,A,A,A,A,A,P,A,A,A,P,A,A,A,P,P,A,A
492,492,432613,eBMS630,Erebia christi,Erebia-christi-description,,,A,A,A,A,A,A,A,P,A,A,A,A,A,A,A,A,A,A,A,A,A,A,A,P,A,A,A,A,A,A,A,A,A,A,A,A,A,A,A,A,A,A,A,A,A,A
493,493,432614,eBMS631,Erebia orientalis,Erebia-orientalis-description,,,A,A,A,A,A,P,A,A,A,A,A,A,A,A,A,A,A,A,A,A,A,A,A,A,A,A,A,A,A,A,A,A,A,A,A,A,A,A,A,P,A,A,A,A,A,A
494,494,432615,eBMS632,Erebia epiphron,Erebia-epiphron-description,199,Rudi Verovnik,P,P,P,P,A,A,A,P,A,P,P,A,A,P,A,A,P,P,P,P,A,A,A,P,P,A,A,A,A,P,P,A,A,A,P,A,A,A,P,P,A,A,P,P,A,A
495,495,432616,eBMS633,Erebia flavofasciata,Erebia-flavofasciata-description,,,A,A,P,A,A,A,A,P,A,A,A,A,A,A,A,A,A,A,A,A,A,A,A,P,A,A,A,A,A,A,A,A,A,A,A,A,A,A,A,A,A,A,A,A,A,A
496,496,432617,eBMS634,Erebia montana,Erebia-montana-description,,,A,A,P,A,A,A,A,P,A,A,A,A,A,A,A,A,P,A,A,A,A,A,A,P,P,A,A,A,A,A,A,A,A,A,A,A,A,A,A,A,A,A,A,A,A,A
497,497,432618,eBMS635,Erebia styx,Erebia-styx-description,212,Martin Wiemers,A,A,P,A,A,A,A,P,A,A,P,A,A,A,A,A,A,A,A,A,A,A,A,P,A,A,A,A,A,A,A,A,A,A,A,A,A,A,A,A,A,A,P,A,A,A
498,498,432619,eBMS636,Erebia stiria,Erebia-stiria-description,,,A,A,P,A,A,A,A,A,A,A,A,A,A,A,A,A,A,A,A,P,A,A,A,P,A,A,A,A,A,A,A,A,A,A,A,A,A,A,A,A,A,A,P,A,A,A
499,499,432620,eBMS637,Erebia scipio,Erebia-scipio-description,,,A,A,A,A,A,A,A,A,A,A,A,A,A,A,A,A,P,A,A,A,A,A,A,P,A,A,A,A,A,A,A,A,A,A,A,A,A,A,A,A,A,A,A,A,A,A
500,500,432621,eBMS638,Erebia pronoe,Erebia-pronoe-description,211,Albert Vliegenthart,A,P,P,P,A,P,A,P,A,A,P,A,A,P,A,A,P,A,A,P,A,A,A,P,P,A,A,A,A,P,P,A,A,A,P,A,A,A,P,P,A,A,P,P,A,P
501,501,432622,eBMS639,Erebia melas,Erebia-melas-description,,,A,P,A,P,A,P,A,A,A,A,A,A,A,A,A,A,A,A,P,P,A,A,A,A,A,A,A,A,A,P,P,A,A,A,A,A,A,A,P,P,A,A,P,A,A,A
502,502,432623,eBMS640,Erebia lefebvrei,Erebia-lefebvrei-description,,,P,A,A,A,A,A,A,A,A,A,A,A,A,P,A,A,P,A,A,A,A,A,A,A,A,A,A,A,A,A,A,A,A,A,A,A,A,A,A,A,A,A,A,A,A,A
503,503,432624,eBMS641,Erebia zapateri,Erebia-zapateri-description,,,A,A,A,A,A,A,A,A,A,A,A,A,A,P,A,A,A,A,A,A,A,A,A,A,A,A,A,A,A,A,A,A,A,A,A,A,A,A,A,A,A,A,A,A,A,A
504,504,432625,eBMS642,Erebia neoridas,Erebia-neoridas-description,,,P,A,A,A,A,A,A,A,A,A,A,A,A,P,A,A,P,A,A,A,A,A,A,P,A,A,A,A,A,A,A,A,A,A,A,A,A,A,A,A,A,A,A,A,A,A